Workbook

Sheet 📋 Product Manager
A1: SUNFORD VALVES COMPANY — PRODUCT MANAGER (Single Source of Truth)
A2: Edit this table only. All type sheets and the price summary auto-refresh from here. Do NOT edit type sheets directly.
A3: 🟢 ADD NEW PRODUCT | C3: Scroll to the bottom of the table → type a new row. Fill Valve_Type, Valve_Name, MOC, Size, Rate, Status. The type sheet will auto-include it IF Valve_Type matches exactly.
A4: ✏️ EDIT PRICE / FIELD | C4: Click the cell directly. Change the value. Save (Ctrl+S). All linked sheets will recalculate on next open.
A5: 🔴 HIDE A PRODUCT | C5: Set Status column = Inactive. The product stays in data but is marked for the website to filter out.
A6: 🗑️ DELETE A PRODUCT | C6: Select the entire row → Right-click → Delete Row. All type sheet formulas will auto-adjust (they use row-specific references).
A7: Valve_Type | B7: Valve_Name | C7: Description | D7: MOC | E7: Size | F7: Pressure_Class | G7: End_Connection | H7: Design_Standard | I7: Hydro_Test | J7: Unit | K7: Rate_INR | L7: Status | M7: Last_Updated | N7: Remarks
A8: Gate Valves | B8: Cast Carbon Steel (ASTM A216 Gr. WCB) Outside Screw & Yoke Type Bolted Bonnet Non Rotating Rising Spindle Gate Valve, Flanged End, Hand Wheel Operated ASA 150# | C8: Design: API 600 | Body: ASTM A216 Gr WCB | Trims: 13% Cr SS410 (Trim-1) | F-F: ASME B16.10 | Pressure: ASME B16.34 | Test: API 598 | Hydro: Body 32, Seat 23 Kg/Cm2 | D8: ASTM A216 Gr WCB + 13% Cr SS410 | E8: 1" | H8: API 600 | I8: Body 32, Seat 23 Kg/Cm2 | J8: Nos | K8: 5755 | L8: Active
A9: Gate Valves | B9: Cast Carbon Steel (ASTM A216 Gr. WCB) Outside Screw & Yoke Type Bolted Bonnet Non Rotating Rising Spindle Gate Valve, Flanged End, Hand Wheel Operated ASA 150# | C9: Design: API 600 | Body: ASTM A216 Gr WCB | Trims: 13% Cr SS410 (Trim-1) | F-F: ASME B16.10 | Pressure: ASME B16.34 | Test: API 598 | Hydro: Body 32, Seat 23 Kg/Cm2 | D9: ASTM A216 Gr WCB + 13% Cr SS410 | E9: 1.5" | H9: API 600 | I9: Body 32, Seat 23 Kg/Cm2 | J9: Nos | K9: 8855 | L9: Active
A10: Gate Valves | B10: Cast Carbon Steel (ASTM A216 Gr. WCB) Outside Screw & Yoke Type Bolted Bonnet Non Rotating Rising Spindle Gate Valve, Flanged End, Hand Wheel Operated ASA 150# | C10: Design: API 600 | Body: ASTM A216 Gr WCB | Trims: 13% Cr SS410 (Trim-1) | F-F: ASME B16.10 | Pressure: ASME B16.34 | Test: API 598 | Hydro: Body 32, Seat 23 Kg/Cm2 | D10: ASTM A216 Gr WCB + 13% Cr SS410 | E10: 2" | H10: API 600 | I10: Body 32, Seat 23 Kg/Cm2 | J10: Nos | K10: 11355 | L10: Active
A11: Gate Valves | B11: Cast Carbon Steel (ASTM A216 Gr. WCB) Outside Screw & Yoke Type Bolted Bonnet Non Rotating Rising Spindle Gate Valve, Flanged End, Hand Wheel Operated ASA 150# | C11: Design: API 600 | Body: ASTM A216 Gr WCB | Trims: 13% Cr SS410 (Trim-1) | F-F: ASME B16.10 | Pressure: ASME B16.34 | Test: API 598 | Hydro: Body 32, Seat 23 Kg/Cm2 | D11: ASTM A216 Gr WCB + 13% Cr SS410 | E11: 2.5" | H11: API 600 | I11: Body 32, Seat 23 Kg/Cm2 | J11: Nos | K11: 15555 | L11: Active
A12: Gate Valves | B12: Cast Carbon Steel (ASTM A216 Gr. WCB) Outside Screw & Yoke Type Bolted Bonnet Non Rotating Rising Spindle Gate Valve, Flanged End, Hand Wheel Operated ASA 150# | C12: Design: API 600 | Body: ASTM A216 Gr WCB | Trims: 13% Cr SS410 (Trim-1) | F-F: ASME B16.10 | Pressure: ASME B16.34 | Test: API 598 | Hydro: Body 32, Seat 23 Kg/Cm2 | D12: ASTM A216 Gr WCB + 13% Cr SS410 | E12: 3" | H12: API 600 | I12: Body 32, Seat 23 Kg/Cm2 | J12: Nos | K12: 18555 | L12: Active
A13: Gate Valves | B13: Cast Carbon Steel (ASTM A216 Gr. WCB) Outside Screw & Yoke Type Bolted Bonnet Non Rotating Rising Spindle Gate Valve, Flanged End, Hand Wheel Operated ASA 150# | C13: Design: API 600 | Body: ASTM A216 Gr WCB | Trims: 13% Cr SS410 (Trim-1) | F-F: ASME B16.10 | Pressure: ASME B16.34 | Test: API 598 | Hydro: Body 32, Seat 23 Kg/Cm2 | D13: ASTM A216 Gr WCB + 13% Cr SS410 | E13: 4" | H13: API 600 | I13: Body 32, Seat 23 Kg/Cm2 | J13: Nos | K13: 26555 | L13: Active
A14: Gate Valves | B14: Cast Carbon Steel (ASTM A216 Gr. WCB) Outside Screw & Yoke Type Bolted Bonnet Non Rotating Rising Spindle Gate Valve, Flanged End, Hand Wheel Operated ASA 150# | C14: Design: API 600 | Body: ASTM A216 Gr WCB | Trims: 13% Cr SS410 (Trim-1) | F-F: ASME B16.10 | Pressure: ASME B16.34 | Test: API 598 | Hydro: Body 32, Seat 23 Kg/Cm2 | D14: ASTM A216 Gr WCB + 13% Cr SS410 | E14: 5" | H14: API 600 | I14: Body 32, Seat 23 Kg/Cm2 | J14: Nos | K14: 34555 | L14: Active
A15: Gate Valves | B15: Cast Carbon Steel (ASTM A216 Gr. WCB) Outside Screw & Yoke Type Bolted Bonnet Non Rotating Rising Spindle Gate Valve, Flanged End, Hand Wheel Operated ASA 150# | C15: Design: API 600 | Body: ASTM A216 Gr WCB | Trims: 13% Cr SS410 (Trim-1) | F-F: ASME B16.10 | Pressure: ASME B16.34 | Test: API 598 | Hydro: Body 32, Seat 23 Kg/Cm2 | D15: ASTM A216 Gr WCB + 13% Cr SS410 | E15: 6" | H15: API 600 | I15: Body 32, Seat 23 Kg/Cm2 | J15: Nos | K15: 40955 | L15: Active
A16: Gate Valves | B16: Cast Carbon Steel (ASTM A216 Gr. WCB) Outside Screw & Yoke Type Bolted Bonnet Non Rotating Rising Spindle Gate Valve, Flanged End, Hand Wheel Operated ASA 150# | C16: Design: API 600 | Body: ASTM A216 Gr WCB | Trims: 13% Cr SS410 (Trim-1) | F-F: ASME B16.10 | Pressure: ASME B16.34 | Test: API 598 | Hydro: Body 32, Seat 23 Kg/Cm2 | D16: ASTM A216 Gr WCB + 13% Cr SS410 | E16: 8" | H16: API 600 | I16: Body 32, Seat 23 Kg/Cm2 | J16: Nos | K16: 65555 | L16: Active
A17: Gate Valves | B17: Cast Carbon Steel (ASTM A216 Gr. WCB) Outside Screw & Yoke Type Bolted Bonnet Non Rotating Rising Spindle Gate Valve, Flanged End, Hand Wheel Operated ASA 150# | C17: Design: API 600 | Body: ASTM A216 Gr WCB | Trims: 13% Cr SS410 (Trim-1) | F-F: ASME B16.10 | Pressure: ASME B16.34 | Test: API 598 | Hydro: Body 32, Seat 23 Kg/Cm2 | D17: ASTM A216 Gr WCB + 13% Cr SS410 | E17: 10" | H17: API 600 | I17: Body 32, Seat 23 Kg/Cm2 | J17: Nos | K17: 91155 | L17: Active
A18: Gate Valves | B18: Cast Carbon Steel (ASTM A216 Gr. WCB) Outside Screw & Yoke Type Bolted Bonnet Non Rotating Rising Spindle Gate Valve, Flanged End, Hand Wheel Operated ASA 150# | C18: Design: API 600 | Body: ASTM A216 Gr WCB | Trims: 13% Cr SS410 (Trim-1) | F-F: ASME B16.10 | Pressure: ASME B16.34 | Test: API 598 | Hydro: Body 32, Seat 23 Kg/Cm2 | D18: ASTM A216 Gr WCB + 13% Cr SS410 | E18: 12" | H18: API 600 | I18: Body 32, Seat 23 Kg/Cm2 | J18: Nos | K18: On Request | L18: Active
A19: Globe Valves | B19: Cast Carbon Steel (ASTM A216 Gr. WCB) Outside Screw & Yoke Type Bolted Bonnet Globe Valve, Flanged End, Handwheel Operated ASA 150# | C19: Design: BS 1873 / API 6D | Body: ASTM A216 Gr WCB | Trims: 13% Cr SS410 (Trim-1) | F-F: ASME B16.10 | Pressure: ASME B16.34 | Test: API 598 | Hydro: Body 32, Seat 23 Kg/Cm2 | D19: ASTM A216 Gr WCB + 13% Cr SS410 | E19: 1" | H19: BS 1873 / API 6D | I19: Body 32, Seat 23 Kg/Cm2 | J19: Nos | K19: 5555 | L19: Active
A20: Globe Valves | B20: Cast Carbon Steel (ASTM A216 Gr. WCB) Outside Screw & Yoke Type Bolted Bonnet Globe Valve, Flanged End, Handwheel Operated ASA 150# | C20: Design: BS 1873 / API 6D | Body: ASTM A216 Gr WCB | Trims: 13% Cr SS410 (Trim-1) | F-F: ASME B16.10 | Pressure: ASME B16.34 | Test: API 598 | Hydro: Body 32, Seat 23 Kg/Cm2 | D20: ASTM A216 Gr WCB + 13% Cr SS410 | E20: 1.5" | H20: BS 1873 / API 6D | I20: Body 32, Seat 23 Kg/Cm2 | J20: Nos | K20: 7655 | L20: Active
A21: Globe Valves | B21: Cast Carbon Steel (ASTM A216 Gr. WCB) Outside Screw & Yoke Type Bolted Bonnet Globe Valve, Flanged End, Handwheel Operated ASA 150# | C21: Design: BS 1873 / API 6D | Body: ASTM A216 Gr WCB | Trims: 13% Cr SS410 (Trim-1) | F-F: ASME B16.10 | Pressure: ASME B16.34 | Test: API 598 | Hydro: Body 32, Seat 23 Kg/Cm2 | D21: ASTM A216 Gr WCB + 13% Cr SS410 | E21: 2" | H21: BS 1873 / API 6D | I21: Body 32, Seat 23 Kg/Cm2 | J21: Nos | K21: 11355 | L21: Active
A22: Globe Valves | B22: Cast Carbon Steel (ASTM A216 Gr. WCB) Outside Screw & Yoke Type Bolted Bonnet Globe Valve, Flanged End, Handwheel Operated ASA 150# | C22: Design: BS 1873 / API 6D | Body: ASTM A216 Gr WCB | Trims: 13% Cr SS410 (Trim-1) | F-F: ASME B16.10 | Pressure: ASME B16.34 | Test: API 598 | Hydro: Body 32, Seat 23 Kg/Cm2 | D22: ASTM A216 Gr WCB + 13% Cr SS410 | E22: 2.5" | H22: BS 1873 / API 6D | I22: Body 32, Seat 23 Kg/Cm2 | J22: Nos | K22: 15355 | L22: Active
A23: Globe Valves | B23: Cast Carbon Steel (ASTM A216 Gr. WCB) Outside Screw & Yoke Type Bolted Bonnet Globe Valve, Flanged End, Handwheel Operated ASA 150# | C23: Design: BS 1873 / API 6D | Body: ASTM A216 Gr WCB | Trims: 13% Cr SS410 (Trim-1) | F-F: ASME B16.10 | Pressure: ASME B16.34 | Test: API 598 | Hydro: Body 32, Seat 23 Kg/Cm2 | D23: ASTM A216 Gr WCB + 13% Cr SS410 | E23: 3" | H23: BS 1873 / API 6D | I23: Body 32, Seat 23 Kg/Cm2 | J23: Nos | K23: 18155 | L23: Active
A24: Globe Valves | B24: Cast Carbon Steel (ASTM A216 Gr. WCB) Outside Screw & Yoke Type Bolted Bonnet Globe Valve, Flanged End, Handwheel Operated ASA 150# | C24: Design: BS 1873 / API 6D | Body: ASTM A216 Gr WCB | Trims: 13% Cr SS410 (Trim-1) | F-F: ASME B16.10 | Pressure: ASME B16.34 | Test: API 598 | Hydro: Body 32, Seat 23 Kg/Cm2 | D24: ASTM A216 Gr WCB + 13% Cr SS410 | E24: 4" | H24: BS 1873 / API 6D | I24: Body 32, Seat 23 Kg/Cm2 | J24: Nos | K24: 26955 | L24: Active
A25: Globe Valves | B25: Cast Carbon Steel (ASTM A216 Gr. WCB) Outside Screw & Yoke Type Bolted Bonnet Globe Valve, Flanged End, Handwheel Operated ASA 150# | C25: Design: BS 1873 / API 6D | Body: ASTM A216 Gr WCB | Trims: 13% Cr SS410 (Trim-1) | F-F: ASME B16.10 | Pressure: ASME B16.34 | Test: API 598 | Hydro: Body 32, Seat 23 Kg/Cm2 | D25: ASTM A216 Gr WCB + 13% Cr SS410 | E25: 5" | H25: BS 1873 / API 6D | I25: Body 32, Seat 23 Kg/Cm2 | J25: Nos | K25: 34655 | L25: Active
A26: Globe Valves | B26: Cast Carbon Steel (ASTM A216 Gr. WCB) Outside Screw & Yoke Type Bolted Bonnet Globe Valve, Flanged End, Handwheel Operated ASA 150# | C26: Design: BS 1873 / API 6D | Body: ASTM A216 Gr WCB | Trims: 13% Cr SS410 (Trim-1) | F-F: ASME B16.10 | Pressure: ASME B16.34 | Test: API 598 | Hydro: Body 32, Seat 23 Kg/Cm2 | D26: ASTM A216 Gr WCB + 13% Cr SS410 | E26: 6" | H26: BS 1873 / API 6D | I26: Body 32, Seat 23 Kg/Cm2 | J26: Nos | K26: 41155 | L26: Active
A27: Globe Valves | B27: Cast Carbon Steel (ASTM A216 Gr. WCB) Outside Screw & Yoke Type Bolted Bonnet Globe Valve, Flanged End, Handwheel Operated ASA 150# | C27: Design: BS 1873 / API 6D | Body: ASTM A216 Gr WCB | Trims: 13% Cr SS410 (Trim-1) | F-F: ASME B16.10 | Pressure: ASME B16.34 | Test: API 598 | Hydro: Body 32, Seat 23 Kg/Cm2 | D27: ASTM A216 Gr WCB + 13% Cr SS410 | E27: 8" | H27: BS 1873 / API 6D | I27: Body 32, Seat 23 Kg/Cm2 | J27: Nos | K27: 67955 | L27: Active
A28: Globe Valves | B28: Cast Carbon Steel (ASTM A216 Gr. WCB) Outside Screw & Yoke Type Bolted Bonnet Globe Valve, Flanged End, Handwheel Operated ASA 150# | C28: Design: BS 1873 / API 6D | Body: ASTM A216 Gr WCB | Trims: 13% Cr SS410 (Trim-1) | F-F: ASME B16.10 | Pressure: ASME B16.34 | Test: API 598 | Hydro: Body 32, Seat 23 Kg/Cm2 | D28: ASTM A216 Gr WCB + 13% Cr SS410 | E28: 10" / 12" Gear Opp | H28: BS 1873 / API 6D | I28: Body 32, Seat 23 Kg/Cm2 | J28: Nos | K28: 115655 | L28: Active
A29: Control Valves | B29: Cast Carbon Steel (ASTM A216 Gr. WCB) Investment Casting 3/2 Way Globe Type Pneumatic Cylinder Operated Control Valve, F/Ends ASA 150# | C29: Design: MFG STD | Body: ASTM A216 Gr WCB | Trims: S.S.304 (Trim-2) | F-F: MFG STD | Pressure: ASME B16.34 | Test: API 598 | Hydro: Body 32, Seat 23 Kg/Cm2 | D29: WCB Body + SS304 Trim, Pneumatic Cylinder | E29: 1" | H29: MFG STD | I29: Body 32, Seat 23 Kg/Cm2 | J29: Nos | K29: 14655 | L29: Active
A30: Control Valves | B30: Cast Carbon Steel (ASTM A216 Gr. WCB) Investment Casting 3/2 Way Globe Type Pneumatic Cylinder Operated Control Valve, F/Ends ASA 150# | C30: Design: MFG STD | Body: ASTM A216 Gr WCB | Trims: S.S.304 (Trim-2) | F-F: MFG STD | Pressure: ASME B16.34 | Test: API 598 | Hydro: Body 32, Seat 23 Kg/Cm2 | D30: WCB Body + SS304 Trim, Pneumatic Cylinder | E30: 1.5" | H30: MFG STD | I30: Body 32, Seat 23 Kg/Cm2 | J30: Nos | K30: 21955 | L30: Active
... A61: Check Valves | B61: Cast Carbon Steel (ASTM A216 Gr. WCB) Swing Type Non Return Valve with Bolted Cover, Flanged Ends ASA 150# | C61: Design: BS 1868 / API 602 | Body: ASTM A216 Gr WCB | Trims: 13% Cr SS410 (Trim-1) | F-F: ASME B16.10 | Pressure: ASME B16.34 | Test: API 598 | Hydro: Body 32, Seat 23 Kg/Cm2 | D61: ASTM A216 Gr WCB + 13% Cr SS410 | E61: 10" | H61: BS 1868 / API 602 | I61: Body 32, Seat 23 Kg/Cm2 | J61: Nos | K61: 96555 | L61: Active
A62: Safety Valves | B62: Cast Carbon Steel (ASTM A216 Gr. WCB) Globe Type Safety Valve, Flanged End ASA 150# | C62: Design: BS 1873 | Body: ASTM A216 Gr WCB | Trims: 13% Cr SS410 (Trim-1) | F-F: ASME B16.10 | Pressure: ASME B16.34 | Test: API 598 | Hydro: Body 32, Seat 23 Kg/Cm2 | D62: ASTM A105 + 13% Cr (Trim-1) | E62: 1" | H62: BS 1873 | I62: Body 32, Seat 23 Kg/Cm2 | J62: Nos | K62: On Request | L62: Active
A63: Safety Valves | B63: Cast Carbon Steel (ASTM A216 Gr. WCB) Globe Type Safety Valve, Flanged End ASA 150# | C63: Design: BS 1873 | Body: ASTM A216 Gr WCB | Trims: 13% Cr SS410 (Trim-1) | F-F: ASME B16.10 | Pressure: ASME B16.34 | Test: API 598 | Hydro: Body 32, Seat 23 Kg/Cm2 | D63: ASTM A105 + 13% Cr (Trim-1) | E63: 1.5" | H63: BS 1873 | I63: Body 32, Seat 23 Kg/Cm2 | J63: Nos | K63: 13155 | L63: Active
A64: Safety Valves | B64: Cast Carbon Steel (ASTM A216 Gr. WCB) Globe Type Safety Valve, Flanged End ASA 150# | C64: Design: BS 1873 | Body: ASTM A216 Gr WCB | Trims: 13% Cr SS410 (Trim-1) | F-F: ASME B16.10 | Pressure: ASME B16.34 | Test: API 598 | Hydro: Body 32, Seat 23 Kg/Cm2 | D64: ASTM A105 + 13% Cr (Trim-1) | E64: 2" | H64: BS 1873 | I64: Body 32, Seat 23 Kg/Cm2 | J64: Nos | K64: 15155 | L64: Active
A65: Safety Valves | B65: Cast Carbon Steel (ASTM A216 Gr. WCB) Globe Type Safety Valve, Flanged End ASA 150# | C65: Design: BS 1873 | Body: ASTM A216 Gr WCB | Trims: 13% Cr SS410 (Trim-1) | F-F: ASME B16.10 | Pressure: ASME B16.34 | Test: API 598 | Hydro: Body 32, Seat 23 Kg/Cm2 | D65: ASTM A105 + 13% Cr (Trim-1) | E65: 3" | H65: BS 1873 | I65: Body 32, Seat 23 Kg/Cm2 | J65: Nos | K65: 25155 | L65: Active
A66: Safety Valves | B66: Cast Carbon Steel (ASTM A216 Gr. WCB) Globe Type Safety Valve, Flanged End ASA 150# | C66: Design: BS 1873 | Body: ASTM A216 Gr WCB | Trims: 13% Cr SS410 (Trim-1) | F-F: ASME B16.10 | Pressure: ASME B16.34 | Test: API 598 | Hydro: Body 32, Seat 23 Kg/Cm2 | D66: ASTM A105 + 13% Cr (Trim-1) | E66: 4" | H66: BS 1873 | I66: Body 32, Seat 23 Kg/Cm2 | J66: Nos | K66: 33755 | L66: Active
A67: Ball Valves | B67: 2PC/3PC Design with Blow Out Proof Stem Full Bore Handle Operated Investment Casting Ball Valve, F/Ends ASA 150# | C67: Design: BS 5351 / API 6D | Body: ASTM A216 Gr WCB/ CF8/ CF8M/ CF3/ CF3M | Trims: S.S.304/ S.S.316/ S.S.304L/ S.S.316L | F-F: ASME B16.10 | Pressure: ASME B16.34 | Test: API 598 | Hydro: Body 32, Seat 23 Kg/Cm2 | D67: CF8M (S.S.316) + CF8M (S.S.316) | E67: 1/2" | H67: BS 5351 / API 6D | I67: Body 32, Seat 23 Kg/Cm2 | J67: Nos | K67: 2895 | L67: Active
A68: Ball Valves | B68: 2PC/3PC Design with Blow Out Proof Stem Full Bore Handle Operated Investment Casting Ball Valve, F/Ends ASA 150# | C68: Design: BS 5351 / API 6D | Body: ASTM A216 Gr WCB/ CF8/ CF8M/ CF3/ CF3M | Trims: S.S.304/ S.S.316/ S.S.304L/ S.S.316L | F-F: ASME B16.10 | Pressure: ASME B16.34 | Test: API 598 | Hydro: Body 32, Seat 23 Kg/Cm2 | D68: CF8M (S.S.316) + CF8M (S.S.316) | E68: 3/4" | H68: BS 5351 / API 6D | I68: Body 32, Seat 23 Kg/Cm2 | J68: Nos | K68: 3395 | L68: Active
A69: Ball Valves | B69: 2PC/3PC Design with Blow Out Proof Stem Full Bore Handle Operated Investment Casting Ball Valve, F/Ends ASA 150# | C69: Design: BS 5351 / API 6D | Body: ASTM A216 Gr WCB/ CF8/ CF8M/ CF3/ CF3M | Trims: S.S.304/ S.S.316/ S.S.304L/ S.S.316L | F-F: ASME B16.10 | Pressure: ASME B16.34 | Test: API 598 | Hydro: Body 32, Seat 23 Kg/Cm2 | D69: CF8M (S.S.316) + CF8M (S.S.316) | E69: 1" | H69: BS 5351 / API 6D | I69: Body 32, Seat 23 Kg/Cm2 | J69: Nos | K69: 4555 | L69: Active
A70: Ball Valves | B70: 2PC/3PC Design with Blow Out Proof Stem Full Bore Handle Operated Investment Casting Ball Valve, F/Ends ASA 150# | C70: Design: BS 5351 / API 6D | Body: ASTM A216 Gr WCB/ CF8/ CF8M/ CF3/ CF3M | Trims: S.S.304/ S.S.316/ S.S.304L/ S.S.316L | F-F: ASME B16.10 | Pressure: ASME B16.34 | Test: API 598 | Hydro: Body 32, Seat 23 Kg/Cm2 | D70: CF8M (S.S.316) + CF8M (S.S.316) | E70: 1.5" | H70: BS 5351 / API 6D | I70: Body 32, Seat 23 Kg/Cm2 | J70: Nos | K70: 7815 | L70: Active
A71: Ball Valves | B71: 2PC/3PC Design with Blow Out Proof Stem Full Bore Handle Operated Investment Casting Ball Valve, F/Ends ASA 150# | C71: Design: BS 5351 / API 6D | Body: ASTM A216 Gr WCB/ CF8/ CF8M/ CF3/ CF3M | Trims: S.S.304/ S.S.316/ S.S.304L/ S.S.316L | F-F: ASME B16.10 | Pressure: ASME B16.34 | Test: API 598 | Hydro: Body 32, Seat 23 Kg/Cm2 | D71: CF8M (S.S.316) + CF8M (S.S.316) | E71: 2" | H71: BS 5351 / API 6D | I71: Body 32, Seat 23 Kg/Cm2 | J71: Nos | K71: 11955 | L71: Active
A72: Ball Valves | B72: 2PC/3PC Design with Blow Out Proof Stem Full Bore Handle Operated Investment Casting Ball Valve, F/Ends ASA 150# | C72: Design: BS 5351 / API 6D | Body: ASTM A216 Gr WCB/ CF8/ CF8M/ CF3/ CF3M | Trims: S.S.304/ S.S.316/ S.S.304L/ S.S.316L | F-F: ASME B16.10 | Pressure: ASME B16.34 | Test: API 598 | Hydro: Body 32, Seat 23 Kg/Cm2 | D72: CF8M (S.S.316) + CF8M (S.S.316) | E72: 2.5" | H72: BS 5351 / API 6D | I72: Body 32, Seat 23 Kg/Cm2 | J72: Nos | K72: 19555 | L72: Active
A73: Ball Valves | B73: 2PC/3PC Design with Blow Out Proof Stem Full Bore Handle Operated Investment Casting Ball Valve, F/Ends ASA 150# | C73: Design: BS 5351 / API 6D | Body: ASTM A216 Gr WCB/ CF8/ CF8M/ CF3/ CF3M | Trims: S.S.304/ S.S.316/ S.S.304L/ S.S.316L | F-F: ASME B16.10 | Pressure: ASME B16.34 | Test: API 598 | Hydro: Body 32, Seat 23 Kg/Cm2 | D73: CF8M (S.S.316) + CF8M (S.S.316) | E73: 3" | H73: BS 5351 / API 6D | I73: Body 32, Seat 23 Kg/Cm2 | J73: Nos | K73: 23555 | L73: Active
A74: Ball Valves | B74: 2PC/3PC Design with Blow Out Proof Stem Full Bore Handle Operated Investment Casting Ball Valve, F/Ends ASA 150# | C74: Design: BS 5351 / API 6D | Body: ASTM A216 Gr WCB/ CF8/ CF8M/ CF3/ CF3M | Trims: S.S.304/ S.S.316/ S.S.304L/ S.S.316L | F-F: ASME B16.10 | Pressure: ASME B16.34 | Test: API 598 | Hydro: Body 32, Seat 23 Kg/Cm2 | D74: CF8M (S.S.316) + CF8M (S.S.316) | E74: 4" | H74: BS 5351 / API 6D | I74: Body 32, Seat 23 Kg/Cm2 | J74: Nos | K74: 38655 | L74: Active
... A76: Ball Valves | B76: 2PC/3PC Design with Blow Out Proof Stem Full Bore Handle Operated Investment Casting Ball Valve, F/Ends ASA 150# | C76: Design: BS 5351 / API 6D | Body: ASTM A216 Gr WCB/ CF8/ CF8M/ CF3/ CF3M | Trims: S.S.304/ S.S.316/ S.S.304L/ S.S.316L | F-F: ASME B16.10 | Pressure: ASME B16.34 | Test: API 598 | Hydro: Body 32, Seat 23 Kg/Cm2 | D76: CF8M (S.S.316) + CF8M (S.S.316) | E76: 6" | H76: BS 5351 / API 6D | I76: Body 32, Seat 23 Kg/Cm2 | J76: Nos | K76: 82155 | L76: Active
A77: Ball Valves | B77: 2PC/3PC Design with Blow Out Proof Stem Full Bore Handle Operated Investment Casting Ball Valve, F/Ends ASA 150# | C77: Design: BS 5351 / API 6D | Body: ASTM A216 Gr WCB/ CF8/ CF8M/ CF3/ CF3M | Trims: S.S.304/ S.S.316/ S.S.304L/ S.S.316L | F-F: ASME B16.10 | Pressure: ASME B16.34 | Test: API 598 | Hydro: Body 32, Seat 23 Kg/Cm2 | D77: CF8M (S.S.316) + CF8M (S.S.316) | E77: 8" | H77: BS 5351 / API 6D | I77: Body 32, Seat 23 Kg/Cm2 | J77: Nos | K77: On Request | L77: Active
A78: Ball Valves | B78: 2PC/3PC Design with Blow Out Proof Stem Full Bore Handle Operated Investment Casting Ball Valve, F/Ends ASA 150# | C78: Design: BS 5351 / API 6D | Body: ASTM A216 Gr WCB/ CF8/ CF8M/ CF3/ CF3M | Trims: S.S.304/ S.S.316/ S.S.304L/ S.S.316L | F-F: ASME B16.10 | Pressure: ASME B16.34 | Test: API 598 | Hydro: Body 32, Seat 23 Kg/Cm2 | D78: CF8 (S.S.304) + CF8 (S.S.304) | E78: 1/2" | H78: BS 5351 / API 6D | I78: Body 32, Seat 23 Kg/Cm2 | J78: Nos | K78: 2395 | L78: Active
A79: Ball Valves | B79: 2PC/3PC Design with Blow Out Proof Stem Full Bore Handle Operated Investment Casting Ball Valve, F/Ends ASA 150# | C79: Design: BS 5351 / API 6D | Body: ASTM A216 Gr WCB/ CF8/ CF8M/ CF3/ CF3M | Trims: S.S.304/ S.S.316/ S.S.304L/ S.S.316L | F-F: ASME B16.10 | Pressure: ASME B16.34 | Test: API 598 | Hydro: Body 32, Seat 23 Kg/Cm2 | D79: CF8 (S.S.304) + CF8 (S.S.304) | E79: 3/4" | H79: BS 5351 / API 6D | I79: Body 32, Seat 23 Kg/Cm2 | J79: Nos | K79: 2795 | L79: Active
A80: Ball Valves | B80: 2PC/3PC Design with Blow Out Proof Stem Full Bore Handle Operated Investment Casting Ball Valve, F/Ends ASA 150# | C80: Design: BS 5351 / API 6D | Body: ASTM A216 Gr WCB/ CF8/ CF8M/ CF3/ CF3M | Trims: S.S.304/ S.S.316/ S.S.304L/ S.S.316L | F-F: ASME B16.10 | Pressure: ASME B16.34 | Test: API 598 | Hydro: Body 32, Seat 23 Kg/Cm2 | D80: CF8 (S.S.304) + CF8 (S.S.304) | E80: 1" | H80: BS 5351 / API 6D | I80: Body 32, Seat 23 Kg/Cm2 | J80: Nos | K80: 3595 | L80: Active
A81: Ball Valves | B81: 2PC/3PC Design with Blow Out Proof Stem Full Bore Handle Operated Investment Casting Ball Valve, F/Ends ASA 150# | C81: Design: BS 5351 / API 6D | Body: ASTM A216 Gr WCB/ CF8/ CF8M/ CF3/ CF3M | Trims: S.S.304/ S.S.316/ S.S.304L/ S.S.316L | F-F: ASME B16.10 | Pressure: ASME B16.34 | Test: API 598 | Hydro: Body 32, Seat 23 Kg/Cm2 | D81: CF8 (S.S.304) + CF8 (S.S.304) | E81: 1.5" | H81: BS 5351 / API 6D | I81: Body 32, Seat 23 Kg/Cm2 | J81: Nos | K81: 6415 | L81: Active
A82: Ball Valves | B82: 2PC/3PC Design with Blow Out Proof Stem Full Bore Handle Operated Investment Casting Ball Valve, F/Ends ASA 150# | C82: Design: BS 5351 / API 6D | Body: ASTM A216 Gr WCB/ CF8/ CF8M/ CF3/ CF3M | Trims: S.S.304/ S.S.316/ S.S.304L/ S.S.316L | F-F: ASME B16.10 | Pressure: ASME B16.34 | Test: API 598 | Hydro: Body 32, Seat 23 Kg/Cm2 | D82: CF8 (S.S.304) + CF8 (S.S.304) | E82: 2" | H82: BS 5351 / API 6D | I82: Body 32, Seat 23 Kg/Cm2 | J82: Nos | K82: 9655 | L82: Active
A83: Ball Valves | B83: 2PC/3PC Design with Blow Out Proof Stem Full Bore Handle Operated Investment Casting Ball Valve, F/Ends ASA 150# | C83: Design: BS 5351 / API 6D | Body: ASTM A216 Gr WCB/ CF8/ CF8M/ CF3/ CF3M | Trims: S.S.304/ S.S.316/ S.S.304L/ S.S.316L | F-F: ASME B16.10 | Pressure: ASME B16.34 | Test: API 598 | Hydro: Body 32, Seat 23 Kg/Cm2 | D83: CF8 (S.S.304) + CF8 (S.S.304) | E83: 2.5" | H83: BS 5351 / API 6D | I83: Body 32, Seat 23 Kg/Cm2 | J83: Nos | K83: 15355 | L83: Active
A84: Ball Valves | B84: 2PC/3PC Design with Blow Out Proof Stem Full Bore Handle Operated Investment Casting Ball Valve, F/Ends ASA 150# | C84: Design: BS 5351 / API 6D | Body: ASTM A216 Gr WCB/ CF8/ CF8M/ CF3/ CF3M | Trims: S.S.304/ S.S.316/ S.S.304L/ S.S.316L | F-F: ASME B16.10 | Pressure: ASME B16.34 | Test: API 598 | Hydro: Body 32, Seat 23 Kg/Cm2 | D84: CF8 (S.S.304) + CF8 (S.S.304) | E84: 3" | H84: BS 5351 / API 6D | I84: Body 32, Seat 23 Kg/Cm2 | J84: Nos | K84: 18755 | L84: Active
A85: Ball Valves | B85: 2PC/3PC Design with Blow Out Proof Stem Full Bore Handle Operated Investment Casting Ball Valve, F/Ends ASA 150# | C85: Design: BS 5351 / API 6D | Body: ASTM A216 Gr WCB/ CF8/ CF8M/ CF3/ CF3M | Trims: S.S.304/ S.S.316/ S.S.304L/ S.S.316L | F-F: ASME B16.10 | Pressure: ASME B16.34 | Test: API 598 | Hydro: Body 32, Seat 23 Kg/Cm2 | D85: CF8 (S.S.304) + CF8 (S.S.304) | E85: 4" | H85: BS 5351 / API 6D | I85: Body 32, Seat 23 Kg/Cm2 | J85: Nos | K85: 31655 | L85: Active
A86: Ball Valves | B86: 2PC/3PC Design with Blow Out Proof Stem Full Bore Handle Operated Investment Casting Ball Valve, F/Ends ASA 150# | C86: Design: BS 5351 / API 6D | Body: ASTM A216 Gr WCB/ CF8/ CF8M/ CF3/ CF3M | Trims: S.S.304/ S.S.316/ S.S.304L/ S.S.316L | F-F: ASME B16.10 | Pressure: ASME B16.34 | Test: API 598 | Hydro: Body 32, Seat 23 Kg/Cm2 | D86: CF8 (S.S.304) + CF8 (S.S.304) | E86: 5" | H86: BS 5351 / API 6D | I86: Body 32, Seat 23 Kg/Cm2 | J86: Nos | K86: 47655 | L86: Active
A87: Ball Valves | B87: 2PC/3PC Design with Blow Out Proof Stem Full Bore Handle Operated Investment Casting Ball Valve, F/Ends ASA 150# | C87: Design: BS 5351 / API 6D | Body: ASTM A216 Gr WCB/ CF8/ CF8M/ CF3/ CF3M | Trims: S.S.304/ S.S.316/ S.S.304L/ S.S.316L | F-F: ASME B16.10 | Pressure: ASME B16.34 | Test: API 598 | Hydro: Body 32, Seat 23 Kg/Cm2 | D87: CF8 (S.S.304) + CF8 (S.S.304) | E87: 6" | H87: BS 5351 / API 6D | I87: Body 32, Seat 23 Kg/Cm2 | J87: Nos | K87: 65155 | L87: Active
A88: Ball Valves | B88: 2PC/3PC Design with Blow Out Proof Stem Full Bore Handle Operated Investment Casting Ball Valve, F/Ends ASA 150# | C88: Design: BS 5351 / API 6D | Body: ASTM A216 Gr WCB/ CF8/ CF8M/ CF3/ CF3M | Trims: S.S.304/ S.S.316/ S.S.304L/ S.S.316L | F-F: ASME B16.10 | Pressure: ASME B16.34 | Test: API 598 | Hydro: Body 32, Seat 23 Kg/Cm2 | D88: CF8 (S.S.304) + CF8 (S.S.304) | E88: 8" | H88: BS 5351 / API 6D | I88: Body 32, Seat 23 Kg/Cm2 | J88: Nos | K88: On Request | L88: Active
A89: Ball Valves | B89: Rotary Actuated (Double Acting) 2PC/3PC Design Full Bore Investment Casting Ball Valve, F/Ends ASA 150# with Blow Out Proof Stem | C89: Design: BS 5351 / API 6D | Body: ASTM A216 Gr WCB/ CF8/ CF8M/ CF3/ CF3M | Trims: S.S.304/ S.S.316/ S.S.304L/ S.S.316L | F-F: ASME B16.10 | Pressure: ASME B16.34 | Test: API 598 | Hydro: Body 32, Seat 23 Kg/Cm2 | D89: CF8M (S.S.316) + CF8M (S.S.316) | E89: 1/2" | H89: BS 5351 / API 6D | I89: Body 32, Seat 23 Kg/Cm2 | J89: Nos | K89: 8355 | L89: Active
A90: Ball Valves | B90: Rotary Actuated (Double Acting) 2PC/3PC Design Full Bore Investment Casting Ball Valve, F/Ends ASA 150# with Blow Out Proof Stem | C90: Design: BS 5351 / API 6D | Body: ASTM A216 Gr WCB/ CF8/ CF8M/ CF3/ CF3M | Trims: S.S.304/ S.S.316/ S.S.304L/ S.S.316L | F-F: ASME B16.10 | Pressure: ASME B16.34 | Test: API 598 | Hydro: Body 32, Seat 23 Kg/Cm2 | D90: CF8M (S.S.316) + CF8M (S.S.316) | E90: 3/4" | H90: BS 5351 / API 6D | I90: Body 32, Seat 23 Kg/Cm2 | J90: Nos | K90: 9255 | L90: Active
A91: Ball Valves | B91: Rotary Actuated (Double Acting) 2PC/3PC Design Full Bore Investment Casting Ball Valve, F/Ends ASA 150# with Blow Out Proof Stem | C91: Design: BS 5351 / API 6D | Body: ASTM A216 Gr WCB/ CF8/ CF8M/ CF3/ CF3M | Trims: S.S.304/ S.S.316/ S.S.304L/ S.S.316L | F-F: ASME B16.10 | Pressure: ASME B16.34 | Test: API 598 | Hydro: Body 32, Seat 23 Kg/Cm2 | D91: CF8M (S.S.316) + CF8M (S.S.316) | E91: 1" | H91: BS 5351 / API 6D | I91: Body 32, Seat 23 Kg/Cm2 | J91: Nos | K91: 11155 | L91: Active
A92: Ball Valves | B92: Rotary Actuated (Double Acting) 2PC/3PC Design Full Bore Investment Casting Ball Valve, F/Ends ASA 150# with Blow Out Proof Stem | C92: Design: BS 5351 / API 6D | Body: ASTM A216 Gr WCB/ CF8/ CF8M/ CF3/ CF3M | Trims: S.S.304/ S.S.316/ S.S.304L/ S.S.316L | F-F: ASME B16.10 | Pressure: ASME B16.34 | Test: API 598 | Hydro: Body 32, Seat 23 Kg/Cm2 | D92: CF8M (S.S.316) + CF8M (S.S.316) | E92: 1.5" | H92: BS 5351 / API 6D | I92: Body 32, Seat 23 Kg/Cm2 | J92: Nos | K92: 16555 | L92: Active
A93: Ball Valves | B93: Rotary Actuated (Double Acting) 2PC/3PC Design Full Bore Investment Casting Ball Valve, F/Ends ASA 150# with Blow Out Proof Stem | C93: Design: BS 5351 / API 6D | Body: ASTM A216 Gr WCB/ CF8/ CF8M/ CF3/ CF3M | Trims: S.S.304/ S.S.316/ S.S.304L/ S.S.316L | F-F: ASME B16.10 | Pressure: ASME B16.34 | Test: API 598 | Hydro: Body 32, Seat 23 Kg/Cm2 | D93: CF8M (S.S.316) + CF8M (S.S.316) | E93: 2" | H93: BS 5351 / API 6D | I93: Body 32, Seat 23 Kg/Cm2 | J93: Nos | K93: 21955 | L93: Active
A94: Ball Valves | B94: Rotary Actuated (Double Acting) 2PC/3PC Design Full Bore Investment Casting Ball Valve, F/Ends ASA 150# with Blow Out Proof Stem | C94: Design: BS 5351 / API 6D | Body: ASTM A216 Gr WCB/ CF8/ CF8M/ CF3/ CF3M | Trims: S.S.304/ S.S.316/ S.S.304L/ S.S.316L | F-F: ASME B16.10 | Pressure: ASME B16.34 | Test: API 598 | Hydro: Body 32, Seat 23 Kg/Cm2 | D94: CF8M (S.S.316) + CF8M (S.S.316) | E94: 2.5" | H94: BS 5351 / API 6D | I94: Body 32, Seat 23 Kg/Cm2 | J94: Nos | K94: 33155 | L94: Active
A95: Ball Valves | B95: Rotary Actuated (Double Acting) 2PC/3PC Design Full Bore Investment Casting Ball Valve, F/Ends ASA 150# with Blow Out Proof Stem | C95: Design: BS 5351 / API 6D | Body: ASTM A216 Gr WCB/ CF8/ CF8M/ CF3/ CF3M | Trims: S.S.304/ S.S.316/ S.S.304L/ S.S.316L | F-F: ASME B16.10 | Pressure: ASME B16.34 | Test: API 598 | Hydro: Body 32, Seat 23 Kg/Cm2 | D95: CF8M (S.S.316) + CF8M (S.S.316) | E95: 3" | H95: BS 5351 / API 6D | I95: Body 32, Seat 23 Kg/Cm2 | J95: Nos | K95: 39155 | L95: Active
A96: Ball Valves | B96: Rotary Actuated (Double Acting) 2PC/3PC Design Full Bore Investment Casting Ball Valve, F/Ends ASA 150# with Blow Out Proof Stem | C96: Design: BS 5351 / API 6D | Body: ASTM A216 Gr WCB/ CF8/ CF8M/ CF3/ CF3M | Trims: S.S.304/ S.S.316/ S.S.304L/ S.S.316L | F-F: ASME B16.10 | Pressure: ASME B16.34 | Test: API 598 | Hydro: Body 32, Seat 23 Kg/Cm2 | D96: CF8M (S.S.316) + CF8M (S.S.316) | E96: 4" | H96: BS 5351 / API 6D | I96: Body 32, Seat 23 Kg/Cm2 | J96: Nos | K96: 67155 | L96: Active
A97: Ball Valves | B97: Rotary Actuated (Double Acting) 2PC/3PC Design Full Bore Investment Casting Ball Valve, F/Ends ASA 150# with Blow Out Proof Stem | C97: Design: BS 5351 / API 6D | Body: ASTM A216 Gr WCB/ CF8/ CF8M/ CF3/ CF3M | Trims: S.S.304/ S.S.316/ S.S.304L/ S.S.316L | F-F: ASME B16.10 | Pressure: ASME B16.34 | Test: API 598 | Hydro: Body 32, Seat 23 Kg/Cm2 | D97: CF8M (S.S.316) + CF8M (S.S.316) | E97: 5" | H97: BS 5351 / API 6D | I97: Body 32, Seat 23 Kg/Cm2 | J97: Nos | K97: 149555 | L97: Active
A98: Ball Valves | B98: Rotary Actuated (Double Acting) 2PC/3PC Design Full Bore Investment Casting Ball Valve, F/Ends ASA 150# with Blow Out Proof Stem | C98: Design: BS 5351 / API 6D | Body: ASTM A216 Gr WCB/ CF8/ CF8M/ CF3/ CF3M | Trims: S.S.304/ S.S.316/ S.S.304L/ S.S.316L | F-F: ASME B16.10 | Pressure: ASME B16.34 | Test: API 598 | Hydro: Body 32, Seat 23 Kg/Cm2 | D98: CF8M (S.S.316) + CF8M (S.S.316) | E98: 6" | H98: BS 5351 / API 6D | I98: Body 32, Seat 23 Kg/Cm2 | J98: Nos | K98: 175555 | L98: Active
A99: Ball Valves | B99: Rotary Actuated (Double Acting) 2PC/3PC Design Full Bore Investment Casting Ball Valve, F/Ends ASA 150# with Blow Out Proof Stem | C99: Design: BS 5351 / API 6D | Body: ASTM A216 Gr WCB/ CF8/ CF8M/ CF3/ CF3M | Trims: S.S.304/ S.S.316/ S.S.304L/ S.S.316L | F-F: ASME B16.10 | Pressure: ASME B16.34 | Test: API 598 | Hydro: Body 32, Seat 23 Kg/Cm2 | D99: CF8 (S.S.304) + CF8 (S.S.304) | E99: 1/2" | H99: BS 5351 / API 6D | I99: Body 32, Seat 23 Kg/Cm2 | J99: Nos | K99: 7655 | L99: Active
A100: Ball Valves | B100: Rotary Actuated (Double Acting) 2PC/3PC Design Full Bore Investment Casting Ball Valve, F/Ends ASA 150# with Blow Out Proof Stem | C100: Design: BS 5351 / API 6D | Body: ASTM A216 Gr WCB/ CF8/ CF8M/ CF3/ CF3M | Trims: S.S.304/ S.S.316/ S.S.304L/ S.S.316L | F-F: ASME B16.10 | Pressure: ASME B16.34 | Test: API 598 | Hydro: Body 32, Seat 23 Kg/Cm2 | D100: CF8 (S.S.304) + CF8 (S.S.304) | E100: 3/4" | H100: BS 5351 / API 6D | I100: Body 32, Seat 23 Kg/Cm2 | J100: Nos | K100: 8355 | L100: Active
... A134: Ball Valves | B134: 1PC Design with Blow Out Proof Stem Full Bore Handle Operated Investment Casting Ball Valve, Screwed Ends | C134: Design: BS 5351 / API 6D | Body: ASTM A216 Gr WCB/ CF8/ CF8M/ CF3/ CF3M | Trims: S.S.304/ S.S.316/ S.S.304L/ S.S.316L | Pressure: ASME B16.34 | Test: API 598 | Hydro: Body 32, Seat 23 Kg/Cm2 | D134: CF8 (S.S.304) + CF8 (S.S.304) | E134: 2" | H134: BS 5351 / API 6D | I134: Body 32, Seat 23 Kg/Cm2 | J134: Nos | K134: 4555 | L134: Active
A135: Check Valves | B135: Sandwich Type Disc Check Valve (NRV) | C135: MOC: S.S.304 (CF8) | Pressure: ASME B16.34 | Test: API 598 | D135: S.S.304 (CF8) | E135: 15mm | J135: Nos | K135: 995 | L135: Active
A136: Check Valves | B136: Sandwich Type Disc Check Valve (NRV) | C136: MOC: S.S.304 (CF8) | Pressure: ASME B16.34 | Test: API 598 | D136: S.S.304 (CF8) | E136: 20mm | J136: Nos | K136: 1155 | L136: Active
A137: Check Valves | B137: Sandwich Type Disc Check Valve (NRV) | C137: MOC: S.S.304 (CF8) | Pressure: ASME B16.34 | Test: API 598 | D137: S.S.304 (CF8) | E137: 25mm | J137: Nos | K137: 1455 | L137: Active
A138: Check Valves | B138: Sandwich Type Disc Check Valve (NRV) | C138: MOC: S.S.304 (CF8) | Pressure: ASME B16.34 | Test: API 598 | D138: S.S.304 (CF8) | E138: 40mm | J138: Nos | K138: 2455 | L138: Active
A139: Check Valves | B139: Sandwich Type Disc Check Valve (NRV) | C139: MOC: S.S.304 (CF8) | Pressure: ASME B16.34 | Test: API 598 | D139: S.S.304 (CF8) | E139: 50mm | J139: Nos | K139: 3255 | L139: Active
A140: Check Valves | B140: Sandwich Type Disc Check Valve (NRV) | C140: MOC: S.S.304 (CF8) | Pressure: ASME B16.34 | Test: API 598 | D140: S.S.304 (CF8) | E140: 65mm | J140: Nos | K140: 4195 | L140: Active
A141: Check Valves | B141: Sandwich Type Disc Check Valve (NRV) | C141: MOC: S.S.304 (CF8) | Pressure: ASME B16.34 | Test: API 598 | D141: S.S.304 (CF8) | E141: 80mm | J141: Nos | K141: 5655 | L141: Active
A142: Check Valves | B142: Sandwich Type Disc Check Valve (NRV) | C142: MOC: S.S.304 (CF8) | Pressure: ASME B16.34 | Test: API 598 | D142: S.S.304 (CF8) | E142: 100mm | J142: Nos | K142: 8355 | L142: Active
A143: Check Valves | B143: Sandwich Type Disc Check Valve (NRV) | C143: MOC: S.S.304 (CF8) | Pressure: ASME B16.34 | Test: API 598 | D143: S.S.304 (CF8) | E143: 125mm | J143: Nos | K143: 16955 | L143: Active
A144: Check Valves | B144: Sandwich Type Disc Check Valve (NRV) | C144: MOC: S.S.304 (CF8) | Pressure: ASME B16.34 | Test: API 598 | D144: S.S.304 (CF8) | E144: 150mm | J144: Nos | K144: 21155 | L144: Active
A145: Check Valves | B145: Sandwich Type Disc Check Valve (NRV) | C145: MOC: S.S.304 (CF8) | Pressure: ASME B16.34 | Test: API 598 | D145: S.S.304 (CF8) | E145: 200mm | J145: Nos | K145: 35655 | L145: Active
A146: Control Valves | B146: Cast Carbon Steel (ASTM A216 Gr. WCB) Investment Casting 2/2 Way Globe Type Pneumatic Cylinder Operated Control Valve, F/Ends ASA 150# | C146: Design: MFG STD | Body: ASTM A216 Gr WCB | Seat: Virgin PTFE/ CFT/ GFT | Trims: S.S.304 (Trim-2) | F-F: MFG STD | Pressure: ASME B16.34 | Test: API 598 | Hydro: Body 32, Seat 23 Kg/Cm2 | D146: WCB Body + SS304 Trim, Pneumatic Cylinder | E146: 1" | H146: MFG STD | I146: Body 32, Seat 23 Kg/Cm2 | J146: Nos | K146: 8195 | L146: Active
A147: Control Valves | B147: Cast Carbon Steel (ASTM A216 Gr. WCB) Investment Casting 2/2 Way Globe Type Pneumatic Cylinder Operated Control Valve, F/Ends ASA 150# | C147: Design: MFG STD | Body: ASTM A216 Gr WCB | Seat: Virgin PTFE/ CFT/ GFT | Trims: S.S.304 (Trim-2) | F-F: MFG STD | Pressure: ASME B16.34 | Test: API 598 | Hydro: Body 32, Seat 23 Kg/Cm2 | D147: WCB Body + SS304 Trim, Pneumatic Cylinder | E147: 1.5" | H147: MFG STD | I147: Body 32, Seat 23 Kg/Cm2 | J147: Nos | K147: 10355 | L147: Active
A148: Control Valves | B148: Cast Carbon Steel (ASTM A216 Gr. WCB) Investment Casting 2/2 Way Globe Type Pneumatic Cylinder Operated Control Valve, F/Ends ASA 150# | C148: Design: MFG STD | Body: ASTM A216 Gr WCB | Seat: Virgin PTFE/ CFT/ GFT | Trims: S.S.304 (Trim-2) | F-F: MFG STD | Pressure: ASME B16.34 | Test: API 598 | Hydro: Body 32, Seat 23 Kg/Cm2 | D148: WCB Body + SS304 Trim, Pneumatic Cylinder | E148: 2" | H148: MFG STD | I148: Body 32, Seat 23 Kg/Cm2 | J148: Nos | K148: 17955 | L148: Active
A149: Control Valves | B149: Cast Carbon Steel (ASTM A216 Gr. WCB) Investment Casting 2/2 Way Globe Type Pneumatic Cylinder Operated Control Valve, F/Ends ASA 150# | C149: Design: MFG STD | Body: ASTM A216 Gr WCB | Seat: Virgin PTFE/ CFT/ GFT | Trims: S.S.304 (Trim-2) | F-F: MFG STD | Pressure: ASME B16.34 | Test: API 598 | Hydro: Body 32, Seat 23 Kg/Cm2 | D149: WCB Body + SS304 Trim, Pneumatic Cylinder | E149: 2.5" | H149: MFG STD | I149: Body 32, Seat 23 Kg/Cm2 | J149: Nos | K149: 28955 | L149: Active
A150: Control Valves | B150: Cast Carbon Steel (ASTM A216 Gr. WCB) Investment Casting 2/2 Way Globe Type Pneumatic Cylinder Operated Control Valve, F/Ends ASA 150# | C150: Design: MFG STD | Body: ASTM A216 Gr WCB | Seat: Virgin PTFE/ CFT/ GFT | Trims: S.S.304 (Trim-2) | F-F: MFG STD | Pressure: ASME B16.34 | Test: API 598 | Hydro: Body 32, Seat 23 Kg/Cm2 | D150: WCB Body + SS304 Trim, Pneumatic Cylinder | E150: 3" | H150: MFG STD | I150: Body 32, Seat 23 Kg/Cm2 | J150: Nos | K150: 30655 | L150: Active
A151: Control Valves | B151: S.S.304 (CF8) Investment Casting "Y" Type Pneumatic Cylinder Operated Control Valve, Flanged Ends ASA 150# | C151: Body & Trims: S.S.304 | Seat: Virgin PTFE/ CFT/ GFT | F-F: ASME B16.10/ DIN 3202 (Part-1) | Pressure: ASME B16.34 | Test: API 598 | D151: S.S.304 (CF8), Pneumatic Cylinder | E151: 1" | J151: Nos | K151: 8355 | L151: Active
A152: Control Valves | B152: S.S.304 (CF8) Investment Casting "Y" Type Pneumatic Cylinder Operated Control Valve, Flanged Ends ASA 150# | C152: Body & Trims: S.S.304 | Seat: Virgin PTFE/ CFT/ GFT | F-F: ASME B16.10/ DIN 3202 (Part-1) | Pressure: ASME B16.34 | Test: API 598 | D152: S.S.304 (CF8), Pneumatic Cylinder | E152: 1.5" | J152: Nos | K152: 9855 | L152: Active
A153: Control Valves | B153: S.S.304 (CF8) Investment Casting "Y" Type Pneumatic Cylinder Operated Control Valve, Flanged Ends ASA 150# | C153: Body & Trims: S.S.304 | Seat: Virgin PTFE/ CFT/ GFT | F-F: ASME B16.10/ DIN 3202 (Part-1) | Pressure: ASME B16.34 | Test: API 598 | D153: S.S.304 (CF8), Pneumatic Cylinder | E153: 2" | J153: Nos | K153: 12355 | L153: Active
A154: Control Valves | B154: S.S.304 (CF8) Investment Casting "Y" Type Pneumatic (Air) Operated Control Valve, Flanged Ends ASA 150# | C154: Body & Trims: S.S.304 | Seat: Virgin PTFE/ CFT/ GFT | F-F: ASME B16.10/ DIN 3202 (Part-1) | Pressure: ASME B16.34 | Test: API 598 | D154: S.S.304 (CF8), Air Operated | E154: 1/2" | J154: Nos | K154: 5255 | L154: Active
A155: Control Valves | B155: S.S.304 (CF8) Investment Casting "Y" Type Pneumatic (Air) Operated Control Valve, Flanged Ends ASA 150# | C155: Body & Trims: S.S.304 | Seat: Virgin PTFE/ CFT/ GFT | F-F: ASME B16.10/ DIN 3202 (Part-1) | Pressure: ASME B16.34 | Test: API 598 | D155: S.S.304 (CF8), Air Operated | E155: 3/4" | J155: Nos | K155: 5895 | L155: Active
A156: Control Valves | B156: S.S.304 (CF8) Investment Casting "Y" Type Pneumatic (Air) Operated Control Valve, Flanged Ends ASA 150# | C156: Body & Trims: S.S.304 | Seat: Virgin PTFE/ CFT/ GFT | F-F: ASME B16.10/ DIN 3202 (Part-1) | Pressure: ASME B16.34 | Test: API 598 | D156: S.S.304 (CF8), Air Operated | E156: 1" | J156: Nos | K156: 6155 | L156: Active
A157: Control Valves | B157: S.S.304 (CF8) Investment Casting "Y" Type Pneumatic (Air) Operated Control Valve, Flanged Ends ASA 150# | C157: Body & Trims: S.S.304 | Seat: Virgin PTFE/ CFT/ GFT | F-F: ASME B16.10/ DIN 3202 (Part-1) | Pressure: ASME B16.34 | Test: API 598 | D157: S.S.304 (CF8), Air Operated | E157: 1.5" | J157: Nos | K157: 8755 | L157: Active
A158: Control Valves | B158: S.S.304 (CF8) Investment Casting "Y" Type Pneumatic (Air) Operated Control Valve, Flanged Ends ASA 150# | C158: Body & Trims: S.S.304 | Seat: Virgin PTFE/ CFT/ GFT | F-F: ASME B16.10/ DIN 3202 (Part-1) | Pressure: ASME B16.34 | Test: API 598 | D158: S.S.304 (CF8), Air Operated | E158: 2" | J158: Nos | K158: 10655 | L158: Active
A159: Control Valves | B159: S.S.304 (CF8) Investment Casting "Y" Type Pneumatic (Air) Operated Control Valve, Screwed Ends | C159: Body & Trims: S.S.304 | Seat: Virgin PTFE/ CFT/ GFT | Pressure: ASME B16.34 | Test: API 598 | D159: S.S.304 (CF8), Air Operated | E159: 1/2" | J159: Nos | K159: 4155 | L159: Active
A160: Control Valves | B160: S.S.304 (CF8) Investment Casting "Y" Type Pneumatic (Air) Operated Control Valve, Screwed Ends | C160: Body & Trims: S.S.304 | Seat: Virgin PTFE/ CFT/ GFT | Pressure: ASME B16.34 | Test: API 598 | D160: S.S.304 (CF8), Air Operated | E160: 3/4" | J160: Nos | K160: 5155 | L160: Active
A161: Control Valves | B161: S.S.304 (CF8) Investment Casting "Y" Type Pneumatic (Air) Operated Control Valve, Screwed Ends | C161: Body & Trims: S.S.304 | Seat: Virgin PTFE/ CFT/ GFT | Pressure: ASME B16.34 | Test: API 598 | D161: S.S.304 (CF8), Air Operated | E161: 1" | J161: Nos | K161: 5755 | L161: Active
A162: Control Valves | B162: S.S.304 (CF8) Investment Casting "Y" Type Pneumatic (Air) Operated Control Valve, Screwed Ends | C162: Body & Trims: S.S.304 | Seat: Virgin PTFE/ CFT/ GFT | Pressure: ASME B16.34 | Test: API 598 | D162: S.S.304 (CF8), Air Operated | E162: 1.5" | J162: Nos | K162: 7355 | L162: Active
A163: Control Valves | B163: S.S.304 (CF8) Investment Casting "Y" Type Pneumatic (Air) Operated Control Valve, Screwed Ends | C163: Body & Trims: S.S.304 | Seat: Virgin PTFE/ CFT/ GFT | Pressure: ASME B16.34 | Test: API 598 | D163: S.S.304 (CF8), Air Operated | E163: 2" | J163: Nos | K163: 8755 | L163: Active
A164: Piston Valves | B164: Non IBR Forged Steel (ASTM A105) Piston Valve, Screwed Ends/ Socket Weld Ends 800# | C164: Body: ASTM A105 | Trims: S.S.410 | F-F: ASME B16.10 | Pressure: ASME B16.34 | Test: API 598 | Hydro: Body 78, Seat 59 Kg/Cm2 | D164: ASTM A105 Body + SS410 Trim | E164: 15mm | I164: Body 78, Seat 59 Kg/Cm2 | J164: Nos | K164: 3195 | L164: Active
...

Sheet 📊 Price Summary
A1: SUNFORD VALVES — PRICE RANGE SUMMARY BY PRODUCT TYPE
A2: Live-linked from 📋 Product Manager. Refresh with Ctrl+Alt+F9 to force recalculate. All prices INR Ex-Works Surat.
A4: Valve Type | B4: Total SKUs | C4: Active SKUs | D4: Size Variants | E4: Min Price (₹) | F4: Max Price (₹) | G4: Avg Price (₹) | H4: "On Request" Items | I4: Price Band | J4: Sheet Link
A5: Gate Valves | B5: =COUNTIF('📋 Product Manager'!$A$8:$A$222,A5) | C5: =COUNTIFS('📋 Product Manager'!$A$8:$A$222,A5,'📋 Product Manager'!$L$8:$L$222,"Active") | D5: =SUMPRODUCT((('📋 Product Manager'!$A$8:$A$222=A5)*1)/COUNTIFS('📋 Product Manager'!$A$8:$A$222,'📋 Product Manager'!$A$8:$A$222,'📋 Product Manager'!$E$8:$E$222,'📋 Product Manager'!$E$8:$E$222),('📋 Product Manager'!$A$8:$A$222=A5)*1) | E5: =IFERROR(MINIFS('📋 Product Manager'!$K$8:$K$222,'📋 Product Manager'!$A$8:$A$222,A5,'📋 Product Manager'!$K$8:$K$222,">0"),"-") | F5: =IFERROR(MAXIFS('📋 Product Manager'!$K$8:$K$222,'📋 Product Manager'!$A$8:$A$222,A5,'📋 Product Manager'!$K$8:$K$222,">0"),"-") | G5: =IFERROR(AVERAGEIFS('📋 Product Manager'!$K$8:$K$222,'📋 Product Manager'!$A$8:$A$222,A5,'📋 Product Manager'!$K$8:$K$222,">0"),"-") | H5: =COUNTIFS('📋 Product Manager'!$A$8:$A$222,A5,'📋 Product Manager'!$K$8:$K$222,"On Request") | I5: =IF(ISNUMBER(G5),IF(G5<5000,"⭐ Budget",IF(G5<20000,"⭐⭐ Mid",IF(G5<60000,"⭐⭐⭐ Premium","⭐⭐⭐⭐ High-End"))),"Custom") | J5: Go to Gate Valves
A6: Globe Valves | B6: =COUNTIF('📋 Product Manager'!$A$8:$A$222,A6) | C6: =COUNTIFS('📋 Product Manager'!$A$8:$A$222,A6,'📋 Product Manager'!$L$8:$L$222,"Active") | D6: =SUMPRODUCT((('📋 Product Manager'!$A$8:$A$222=A6)*1)/COUNTIFS('📋 Product Manager'!$A$8:$A$222,'📋 Product Manager'!$A$8:$A$222,'📋 Product Manager'!$E$8:$E$222,'📋 Product Manager'!$E$8:$E$222),('📋 Product Manager'!$A$8:$A$222=A6)*1) | E6: =IFERROR(MINIFS('📋 Product Manager'!$K$8:$K$222,'📋 Product Manager'!$A$8:$A$222,A6,'📋 Product Manager'!$K$8:$K$222,">0"),"-") | F6: =IFERROR(MAXIFS('📋 Product Manager'!$K$8:$K$222,'📋 Product Manager'!$A$8:$A$222,A6,'📋 Product Manager'!$K$8:$K$222,">0"),"-") | G6: =IFERROR(AVERAGEIFS('📋 Product Manager'!$K$8:$K$222,'📋 Product Manager'!$A$8:$A$222,A6,'📋 Product Manager'!$K$8:$K$222,">0"),"-") | H6: =COUNTIFS('📋 Product Manager'!$A$8:$A$222,A6,'📋 Product Manager'!$K$8:$K$222,"On Request") | I6: =IF(ISNUMBER(G6),IF(G6<5000,"⭐ Budget",IF(G6<20000,"⭐⭐ Mid",IF(G6<60000,"⭐⭐⭐ Premium","⭐⭐⭐⭐ High-End"))),"Custom") | J6: Go to Globe Valves
A7: Control Valves | B7: =COUNTIF('📋 Product Manager'!$A$8:$A$222,A7) | C7: =COUNTIFS('📋 Product Manager'!$A$8:$A$222,A7,'📋 Product Manager'!$L$8:$L$222,"Active") | D7: =SUMPRODUCT((('📋 Product Manager'!$A$8:$A$222=A7)*1)/COUNTIFS('📋 Product Manager'!$A$8:$A$222,'📋 Product Manager'!$A$8:$A$222,'📋 Product Manager'!$E$8:$E$222,'📋 Product Manager'!$E$8:$E$222),('📋 Product Manager'!$A$8:$A$222=A7)*1) | E7: =IFERROR(MINIFS('📋 Product Manager'!$K$8:$K$222,'📋 Product Manager'!$A$8:$A$222,A7,'📋 Product Manager'!$K$8:$K$222,">0"),"-") | F7: =IFERROR(MAXIFS('📋 Product Manager'!$K$8:$K$222,'📋 Product Manager'!$A$8:$A$222,A7,'📋 Product Manager'!$K$8:$K$222,">0"),"-") | G7: =IFERROR(AVERAGEIFS('📋 Product Manager'!$K$8:$K$222,'📋 Product Manager'!$A$8:$A$222,A7,'📋 Product Manager'!$K$8:$K$222,">0"),"-") | H7: =COUNTIFS('📋 Product Manager'!$A$8:$A$222,A7,'📋 Product Manager'!$K$8:$K$222,"On Request") | I7: =IF(ISNUMBER(G7),IF(G7<5000,"⭐ Budget",IF(G7<20000,"⭐⭐ Mid",IF(G7<60000,"⭐⭐⭐ Premium","⭐⭐⭐⭐ High-End"))),"Custom") | J7: Go to Control Valves
A8: Strainers | B8: =COUNTIF('📋 Product Manager'!$A$8:$A$222,A8) | C8: =COUNTIFS('📋 Product Manager'!$A$8:$A$222,A8,'📋 Product Manager'!$L$8:$L$222,"Active") | D8: =SUMPRODUCT((('📋 Product Manager'!$A$8:$A$222=A8)*1)/COUNTIFS('📋 Product Manager'!$A$8:$A$222,'📋 Product Manager'!$A$8:$A$222,'📋 Product Manager'!$E$8:$E$222,'📋 Product Manager'!$E$8:$E$222),('📋 Product Manager'!$A$8:$A$222=A8)*1) | E8: =IFERROR(MINIFS('📋 Product Manager'!$K$8:$K$222,'📋 Product Manager'!$A$8:$A$222,A8,'📋 Product Manager'!$K$8:$K$222,">0"),"-") | F8: =IFERROR(MAXIFS('📋 Product Manager'!$K$8:$K$222,'📋 Product Manager'!$A$8:$A$222,A8,'📋 Product Manager'!$K$8:$K$222,">0"),"-") | G8: =IFERROR(AVERAGEIFS('📋 Product Manager'!$K$8:$K$222,'📋 Product Manager'!$A$8:$A$222,A8,'📋 Product Manager'!$K$8:$K$222,">0"),"-") | H8: =COUNTIFS('📋 Product Manager'!$A$8:$A$222,A8,'📋 Product Manager'!$K$8:$K$222,"On Request") | I8: =IF(ISNUMBER(G8),IF(G8<5000,"⭐ Budget",IF(G8<20000,"⭐⭐ Mid",IF(G8<60000,"⭐⭐⭐ Premium","⭐⭐⭐⭐ High-End"))),"Custom") | J8: Go to Strainers
A9: Check Valves | B9: =COUNTIF('📋 Product Manager'!$A$8:$A$222,A9) | C9: =COUNTIFS('📋 Product Manager'!$A$8:$A$222,A9,'📋 Product Manager'!$L$8:$L$222,"Active") | D9: =SUMPRODUCT((('📋 Product Manager'!$A$8:$A$222=A9)*1)/COUNTIFS('📋 Product Manager'!$A$8:$A$222,'📋 Product Manager'!$A$8:$A$222,'📋 Product Manager'!$E$8:$E$222,'📋 Product Manager'!$E$8:$E$222),('📋 Product Manager'!$A$8:$A$222=A9)*1) | E9: =IFERROR(MINIFS('📋 Product Manager'!$K$8:$K$222,'📋 Product Manager'!$A$8:$A$222,A9,'📋 Product Manager'!$K$8:$K$222,">0"),"-") | F9: =IFERROR(MAXIFS('📋 Product Manager'!$K$8:$K$222,'📋 Product Manager'!$A$8:$A$222,A9,'📋 Product Manager'!$K$8:$K$222,">0"),"-") | G9: =IFERROR(AVERAGEIFS('📋 Product Manager'!$K$8:$K$222,'📋 Product Manager'!$A$8:$A$222,A9,'📋 Product Manager'!$K$8:$K$222,">0"),"-") | H9: =COUNTIFS('📋 Product Manager'!$A$8:$A$222,A9,'📋 Product Manager'!$K$8:$K$222,"On Request") | I9: =IF(ISNUMBER(G9),IF(G9<5000,"⭐ Budget",IF(G9<20000,"⭐⭐ Mid",IF(G9<60000,"⭐⭐⭐ Premium","⭐⭐⭐⭐ High-End"))),"Custom") | J9: Go to Check Valves
A10: Safety Valves | B10: =COUNTIF('📋 Product Manager'!$A$8:$A$222,A10) | C10: =COUNTIFS('📋 Product Manager'!$A$8:$A$222,A10,'📋 Product Manager'!$L$8:$L$222,"Active") | D10: =SUMPRODUCT((('📋 Product Manager'!$A$8:$A$222=A10)*1)/COUNTIFS('📋 Product Manager'!$A$8:$A$222,'📋 Product Manager'!$A$8:$A$222,'📋 Product Manager'!$E$8:$E$222,'📋 Product Manager'!$E$8:$E$222),('📋 Product Manager'!$A$8:$A$222=A10)*1) | E10: =IFERROR(MINIFS('📋 Product Manager'!$K$8:$K$222,'📋 Product Manager'!$A$8:$A$222,A10,'📋 Product Manager'!$K$8:$K$222,">0"),"-") | F10: =IFERROR(MAXIFS('📋 Product Manager'!$K$8:$K$222,'📋 Product Manager'!$A$8:$A$222,A10,'📋 Product Manager'!$K$8:$K$222,">0"),"-") | G10: =IFERROR(AVERAGEIFS('📋 Product Manager'!$K$8:$K$222,'📋 Product Manager'!$A$8:$A$222,A10,'📋 Product Manager'!$K$8:$K$222,">0"),"-") | H10: =COUNTIFS('📋 Product Manager'!$A$8:$A$222,A10,'📋 Product Manager'!$K$8:$K$222,"On Request") | I10: =IF(ISNUMBER(G10),IF(G10<5000,"⭐ Budget",IF(G10<20000,"⭐⭐ Mid",IF(G10<60000,"⭐⭐⭐ Premium","⭐⭐⭐⭐ High-End"))),"Custom") | J10: Go to Safety Valves
A11: Ball Valves | B11: =COUNTIF('📋 Product Manager'!$A$8:$A$222,A11) | C11: =COUNTIFS('📋 Product Manager'!$A$8:$A$222,A11,'📋 Product Manager'!$L$8:$L$222,"Active") | D11: =SUMPRODUCT((('📋 Product Manager'!$A$8:$A$222=A11)*1)/COUNTIFS('📋 Product Manager'!$A$8:$A$222,'📋 Product Manager'!$A$8:$A$222,'📋 Product Manager'!$E$8:$E$222,'📋 Product Manager'!$E$8:$E$222),('📋 Product Manager'!$A$8:$A$222=A11)*1) | E11: =IFERROR(MINIFS('📋 Product Manager'!$K$8:$K$222,'📋 Product Manager'!$A$8:$A$222,A11,'📋 Product Manager'!$K$8:$K$222,">0"),"-") | F11: =IFERROR(MAXIFS('📋 Product Manager'!$K$8:$K$222,'📋 Product Manager'!$A$8:$A$222,A11,'📋 Product Manager'!$K$8:$K$222,">0"),"-") | G11: =IFERROR(AVERAGEIFS('📋 Product Manager'!$K$8:$K$222,'📋 Product Manager'!$A$8:$A$222,A11,'📋 Product Manager'!$K$8:$K$222,">0"),"-") | H11: =COUNTIFS('📋 Product Manager'!$A$8:$A$222,A11,'📋 Product Manager'!$K$8:$K$222,"On Request") | I11: =IF(ISNUMBER(G11),IF(G11<5000,"⭐ Budget",IF(G11<20000,"⭐⭐ Mid",IF(G11<60000,"⭐⭐⭐ Premium","⭐⭐⭐⭐ High-End"))),"Custom") | J11: Go to Ball Valves
A12: Piston Valves | B12: =COUNTIF('📋 Product Manager'!$A$8:$A$222,A12) | C12: =COUNTIFS('📋 Product Manager'!$A$8:$A$222,A12,'📋 Product Manager'!$L$8:$L$222,"Active") | D12: =SUMPRODUCT((('📋 Product Manager'!$A$8:$A$222=A12)*1)/COUNTIFS('📋 Product Manager'!$A$8:$A$222,'📋 Product Manager'!$A$8:$A$222,'📋 Product Manager'!$E$8:$E$222,'📋 Product Manager'!$E$8:$E$222),('📋 Product Manager'!$A$8:$A$222=A12)*1) | E12: =IFERROR(MINIFS('📋 Product Manager'!$K$8:$K$222,'📋 Product Manager'!$A$8:$A$222,A12,'📋 Product Manager'!$K$8:$K$222,">0"),"-") | F12: =IFERROR(MAXIFS('📋 Product Manager'!$K$8:$K$222,'📋 Product Manager'!$A$8:$A$222,A12,'📋 Product Manager'!$K$8:$K$222,">0"),"-") | G12: =IFERROR(AVERAGEIFS('📋 Product Manager'!$K$8:$K$222,'📋 Product Manager'!$A$8:$A$222,A12,'📋 Product Manager'!$K$8:$K$222,">0"),"-") | H12: =COUNTIFS('📋 Product Manager'!$A$8:$A$222,A12,'📋 Product Manager'!$K$8:$K$222,"On Request") | I12: =IF(ISNUMBER(G12),IF(G12<5000,"⭐ Budget",IF(G12<20000,"⭐⭐ Mid",IF(G12<60000,"⭐⭐⭐ Premium","⭐⭐⭐⭐ High-End"))),"Custom") | J12: Go to Piston Valves
A13: Butterfly Valves | B13: =COUNTIF('📋 Product Manager'!$A$8:$A$222,A13) | C13: =COUNTIFS('📋 Product Manager'!$A$8:$A$222,A13,'📋 Product Manager'!$L$8:$L$222,"Active") | D13: =SUMPRODUCT((('📋 Product Manager'!$A$8:$A$222=A13)*1)/COUNTIFS('📋 Product Manager'!$A$8:$A$222,'📋 Product Manager'!$A$8:$A$222,'📋 Product Manager'!$E$8:$E$222,'📋 Product Manager'!$E$8:$E$222),('📋 Product Manager'!$A$8:$A$222=A13)*1) | E13: =IFERROR(MINIFS('📋 Product Manager'!$K$8:$K$222,'📋 Product Manager'!$A$8:$A$222,A13,'📋 Product Manager'!$K$8:$K$222,">0"),"-") | F13: =IFERROR(MAXIFS('📋 Product Manager'!$K$8:$K$222,'📋 Product Manager'!$A$8:$A$222,A13,'📋 Product Manager'!$K$8:$K$222,">0"),"-") | G13: =IFERROR(AVERAGEIFS('📋 Product Manager'!$K$8:$K$222,'📋 Product Manager'!$A$8:$A$222,A13,'📋 Product Manager'!$K$8:$K$222,">0"),"-") | H13: =COUNTIFS('📋 Product Manager'!$A$8:$A$222,A13,'📋 Product Manager'!$K$8:$K$222,"On Request") | I13: =IF(ISNUMBER(G13),IF(G13<5000,"⭐ Budget",IF(G13<20000,"⭐⭐ Mid",IF(G13<60000,"⭐⭐⭐ Premium","⭐⭐⭐⭐ High-End"))),"Custom") | J13: Go to Butterfly Valves
A14: PORTFOLIO TOTAL | E14: =MINIFS('📋 Product Manager'!$K$8:$K$222,'📋 Product Manager'!$K$8:$K$222,">0") | F14: =MAXIFS('📋 Product Manager'!$K$8:$K$222,'📋 Product Manager'!$K$8:$K$222,">0") | G14: =AVERAGEIFS('📋 Product Manager'!$K$8:$K$222,'📋 Product Manager'!$K$8:$K$222,">0") | H14: =COUNTIF('📋 Product Manager'!$K$8:$K$222,"On Request") | I14: =COUNTA('📋 Product Manager'!$A$8:$A$222) | J14: Go to Product Manager

Sheet ℹ️ How to Use
A1: SFVC PRODUCT WORKBOOK — USER GUIDE
A2: SHEET OVERVIEW
A3: 📋 Product Manager | B3: THE ONLY SHEET YOU SHOULD EDIT. All other sheets read from here via formulas. Changing a rate here = it instantly changes in the type sheet and price summary.
A4: 📊 Price Summary | B4: Auto-calculated dashboard. COUNTIF/MINIFS/MAXIFS formulas linked to Product Manager. Refreshes on file open or Ctrl+Alt+F9.
A5: Ball Valves, Gate Valves, etc. | B5: Print-ready price sheets. Every cell is a formula pointing to Product Manager. Grouped by product description and MOC.
A7: HOW LINKING WORKS
A8: Formula Example | B8: Cell K8 in Product Manager holds ₹5,755. Ball Valves sheet cell shows =\'📋 Product Manager\'!K8 — it always reads K8.
A9: Adding a product | B9: Add a row in Product Manager. Then go to the relevant type sheet and add a new formula row pointing to the new PM row. (Type sheets have fixed row refs, not dynamic lookup.)
A10: Price edit | B10: Edit column K (Rate_INR) in Product Manager. All linked type sheets update immediately.
A11: Status edit | B11: Edit column L (Status) to "Inactive". The value shows on type sheets. Filter by Status="Active" for website use.
A13: FOR WEBSITE / APP USE
A14: JSON Export | B14: The website should read 📋 Product Manager sheet directly (columns A–N, rows 8 onward). Filter out Status="Inactive" rows. Rate column is numeric for priced items, text "On Request" otherwise.
A15: Column Map | B15: A=Valve_Type, B=Valve_Name, C=Description, D=MOC, E=Size, F=Pressure_Class, G=End_Connection, H=Design_Standard, I=Hydro_Test, J=Unit, K=Rate_INR, L=Status, N=Remarks
A17: COLOR LEGEND
A18: Gold background | B18: Priced item (numeric Rate)
A19: Purple/mauve | B19: "On Request" item
A20: Green | B20: Active status
A21: Red | B21: Inactive status
A22: Dark navy row | B22: Product group header (pulled from PM)
A23: Steel blue row | B23: MOC sub-group header (pulled from PM)

Sheet Gate Valves
A1: SUNFORD VALVES COMPANY · GATE VALVES · PRICE LIST
A2: ⚡ LIVE — All data below is formula-linked to 📋 Product Manager. Edit prices there, they update here automatically.
A4: Sr. | B4: Product Description | C4: MOC / Material | D4: Size | E4: Pressure Class | F4: End Connection | G4: Design Standard | H4: Hydro Test | I4: Unit | J4: Rate (INR) | K4: Status | L4: Remarks
A5: ='📋 Product Manager'!B8
A6: =IFERROR(" Design: "&'📋 Product Manager'!H8&" · Hydro: "&'📋 Product Manager'!I8&" Kg/Cm²", "")
A7: =IFERROR(" MOC: "&'📋 Product Manager'!D8, "")
A8: 1 | B8: ='📋 Product Manager'!B8 | C8: ='📋 Product Manager'!D8 | D8: ='📋 Product Manager'!E8 | E8: =IFERROR(IF('📋 Product Manager'!F8<>"",'📋 Product Manager'!F8,'📋 Product Manager'!G8),"") | F8: ='📋 Product Manager'!G8 | G8: ='📋 Product Manager'!H8 | H8: ='📋 Product Manager'!I8 | I8: ='📋 Product Manager'!J8 | J8: ='📋 Product Manager'!K8 | K8: ='📋 Product Manager'!L8 | L8: =IFERROR(IF('📋 Product Manager'!N8="","",'📋 Product Manager'!N8),"")
A9: 2 | B9: ='📋 Product Manager'!B9 | C9: ='📋 Product Manager'!D9 | D9: ='📋 Product Manager'!E9 | E9: =IFERROR(IF('📋 Product Manager'!F9<>"",'📋 Product Manager'!F9,'📋 Product Manager'!G9),"") | F9: ='📋 Product Manager'!G9 | G9: ='📋 Product Manager'!H9 | H9: ='📋 Product Manager'!I9 | I9: ='📋 Product Manager'!J9 | J9: ='📋 Product Manager'!K9 | K9: ='📋 Product Manager'!L9 | L9: =IFERROR(IF('📋 Product Manager'!N9="","",'📋 Product Manager'!N9),"")
A10: 3 | B10: ='📋 Product Manager'!B10 | C10: ='📋 Product Manager'!D10 | D10: ='📋 Product Manager'!E10 | E10: =IFERROR(IF('📋 Product Manager'!F10<>"",'📋 Product Manager'!F10,'📋 Product Manager'!G10),"") | F10: ='📋 Product Manager'!G10 | G10: ='📋 Product Manager'!H10 | H10: ='📋 Product Manager'!I10 | I10: ='📋 Product Manager'!J10 | J10: ='📋 Product Manager'!K10 | K10: ='📋 Product Manager'!L10 | L10: =IFERROR(IF('📋 Product Manager'!N10="","",'📋 Product Manager'!N10),"")
A11: 4 | B11: ='📋 Product Manager'!B11 | C11: ='📋 Product Manager'!D11 | D11: ='📋 Product Manager'!E11 | E11: =IFERROR(IF('📋 Product Manager'!F11<>"",'📋 Product Manager'!F11,'📋 Product Manager'!G11),"") | F11: ='📋 Product Manager'!G11 | G11: ='📋 Product Manager'!H11 | H11: ='📋 Product Manager'!I11 | I11: ='📋 Product Manager'!J11 | J11: ='📋 Product Manager'!K11 | K11: ='📋 Product Manager'!L11 | L11: =IFERROR(IF('📋 Product Manager'!N11="","",'📋 Product Manager'!N11),"")
A12: 5 | B12: ='📋 Product Manager'!B12 | C12: ='📋 Product Manager'!D12 | D12: ='📋 Product Manager'!E12 | E12: =IFERROR(IF('📋 Product Manager'!F12<>"",'📋 Product Manager'!F12,'📋 Product Manager'!G12),"") | F12: ='📋 Product Manager'!G12 | G12: ='📋 Product Manager'!H12 | H12: ='📋 Product Manager'!I12 | I12: ='📋 Product Manager'!J12 | J12: ='📋 Product Manager'!K12 | K12: ='📋 Product Manager'!L12 | L12: =IFERROR(IF('📋 Product Manager'!N12="","",'📋 Product Manager'!N12),"")
A13: 6 | B13: ='📋 Product Manager'!B13 | C13: ='📋 Product Manager'!D13 | D13: ='📋 Product Manager'!E13 | E13: =IFERROR(IF('📋 Product Manager'!F13<>"",'📋 Product Manager'!F13,'📋 Product Manager'!G13),"") | F13: ='📋 Product Manager'!G13 | G13: ='📋 Product Manager'!H13 | H13: ='📋 Product Manager'!I13 | I13: ='📋 Product Manager'!J13 | J13: ='📋 Product Manager'!K13 | K13: ='📋 Product Manager'!L13 | L13: =IFERROR(IF('📋 Product Manager'!N13="","",'📋 Product Manager'!N13),"")
A14: 7 | B14: ='📋 Product Manager'!B14 | C14: ='📋 Product Manager'!D14 | D14: ='📋 Product Manager'!E14 | E14: =IFERROR(IF('📋 Product Manager'!F14<>"",'📋 Product Manager'!F14,'📋 Product Manager'!G14),"") | F14: ='📋 Product Manager'!G14 | G14: ='📋 Product Manager'!H14 | H14: ='📋 Product Manager'!I14 | I14: ='📋 Product Manager'!J14 | J14: ='📋 Product Manager'!K14 | K14: ='📋 Product Manager'!L14 | L14: =IFERROR(IF('📋 Product Manager'!N14="","",'📋 Product Manager'!N14),"")
A15: 8 | B15: ='📋 Product Manager'!B15 | C15: ='📋 Product Manager'!D15 | D15: ='📋 Product Manager'!E15 | E15: =IFERROR(IF('📋 Product Manager'!F15<>"",'📋 Product Manager'!F15,'📋 Product Manager'!G15),"") | F15: ='📋 Product Manager'!G15 | G15: ='📋 Product Manager'!H15 | H15: ='📋 Product Manager'!I15 | I15: ='📋 Product Manager'!J15 | J15: ='📋 Product Manager'!K15 | K15: ='📋 Product Manager'!L15 | L15: =IFERROR(IF('📋 Product Manager'!N15="","",'📋 Product Manager'!N15),"")
A16: 9 | B16: ='📋 Product Manager'!B16 | C16: ='📋 Product Manager'!D16 | D16: ='📋 Product Manager'!E16 | E16: =IFERROR(IF('📋 Product Manager'!F16<>"",'📋 Product Manager'!F16,'📋 Product Manager'!G16),"") | F16: ='📋 Product Manager'!G16 | G16: ='📋 Product Manager'!H16 | H16: ='📋 Product Manager'!I16 | I16: ='📋 Product Manager'!J16 | J16: ='📋 Product Manager'!K16 | K16: ='📋 Product Manager'!L16 | L16: =IFERROR(IF('📋 Product Manager'!N16="","",'📋 Product Manager'!N16),"")
A17: 10 | B17: ='📋 Product Manager'!B17 | C17: ='📋 Product Manager'!D17 | D17: ='📋 Product Manager'!E17 | E17: =IFERROR(IF('📋 Product Manager'!F17<>"",'📋 Product Manager'!F17,'📋 Product Manager'!G17),"") | F17: ='📋 Product Manager'!G17 | G17: ='📋 Product Manager'!H17 | H17: ='📋 Product Manager'!I17 | I17: ='📋 Product Manager'!J17 | J17: ='📋 Product Manager'!K17 | K17: ='📋 Product Manager'!L17 | L17: =IFERROR(IF('📋 Product Manager'!N17="","",'📋 Product Manager'!N17),"")
A18: 11 | B18: ='📋 Product Manager'!B18 | C18: ='📋 Product Manager'!D18 | D18: ='📋 Product Manager'!E18 | E18: =IFERROR(IF('📋 Product Manager'!F18<>"",'📋 Product Manager'!F18,'📋 Product Manager'!G18),"") | F18: ='📋 Product Manager'!G18 | G18: ='📋 Product Manager'!H18 | H18: ='📋 Product Manager'!I18 | I18: ='📋 Product Manager'!J18 | J18: ='📋 Product Manager'!K18 | K18: ='📋 Product Manager'!L18 | L18: =IFERROR(IF('📋 Product Manager'!N18="","",'📋 Product Manager'!N18),"")
A19: ='📋 Product Manager'!B37
A20: =IFERROR(" Design: "&'📋 Product Manager'!H37&" · Hydro: "&'📋 Product Manager'!I37&" Kg/Cm²", "")
A21: =IFERROR(" MOC: "&'📋 Product Manager'!D37, "")
A22: 12 | B22: ='📋 Product Manager'!B37 | C22: ='📋 Product Manager'!D37 | D22: ='📋 Product Manager'!E37 | E22: =IFERROR(IF('📋 Product Manager'!F37<>"",'📋 Product Manager'!F37,'📋 Product Manager'!G37),"") | F22: ='📋 Product Manager'!G37 | G22: ='📋 Product Manager'!H37 | H22: ='📋 Product Manager'!I37 | I22: ='📋 Product Manager'!J37 | J22: ='📋 Product Manager'!K37 | K22: ='📋 Product Manager'!L37 | L22: =IFERROR(IF('📋 Product Manager'!N37="","",'📋 Product Manager'!N37),"")
A23: 13 | B23: ='📋 Product Manager'!B38 | C23: ='📋 Product Manager'!D38 | D23: ='📋 Product Manager'!E38 | E23: =IFERROR(IF('📋 Product Manager'!F38<>"",'📋 Product Manager'!F38,'📋 Product Manager'!G38),"") | F23: ='📋 Product Manager'!G38 | G23: ='📋 Product Manager'!H38 | H23: ='📋 Product Manager'!I38 | I23: ='📋 Product Manager'!J38 | J23: ='📋 Product Manager'!K38 | K23: ='📋 Product Manager'!L38 | L23: =IFERROR(IF('📋 Product Manager'!N38="","",'📋 Product Manager'!N38),"")
A24: 14 | B24: ='📋 Product Manager'!B39 | C24: ='📋 Product Manager'!D39 | D24: ='📋 Product Manager'!E39 | E24: =IFERROR(IF('📋 Product Manager'!F39<>"",'📋 Product Manager'!F39,'📋 Product Manager'!G39),"") | F24: ='📋 Product Manager'!G39 | G24: ='📋 Product Manager'!H39 | H24: ='📋 Product Manager'!I39 | I24: ='📋 Product Manager'!J39 | J24: ='📋 Product Manager'!K39 | K24: ='📋 Product Manager'!L39 | L24: =IFERROR(IF('📋 Product Manager'!N39="","",'📋 Product Manager'!N39),"")
A25: 15 | B25: ='📋 Product Manager'!B40 | C25: ='📋 Product Manager'!D40 | D25: ='📋 Product Manager'!E40 | E25: =IFERROR(IF('📋 Product Manager'!F40<>"",'📋 Product Manager'!F40,'📋 Product Manager'!G40),"") | F25: ='📋 Product Manager'!G40 | G25: ='📋 Product Manager'!H40 | H25: ='📋 Product Manager'!I40 | I25: ='📋 Product Manager'!J40 | J25: ='📋 Product Manager'!K40 | K25: ='📋 Product Manager'!L40 | L25: =IFERROR(IF('📋 Product Manager'!N40="","",'📋 Product Manager'!N40),"")
A26: 16 | B26: ='📋 Product Manager'!B41 | C26: ='📋 Product Manager'!D41 | D26: ='📋 Product Manager'!E41 | E26: =IFERROR(IF('📋 Product Manager'!F41<>"",'📋 Product Manager'!F41,'📋 Product Manager'!G41),"") | F26: ='📋 Product Manager'!G41 | G26: ='📋 Product Manager'!H41 | H26: ='📋 Product Manager'!I41 | I26: ='📋 Product Manager'!J41 | J26: ='📋 Product Manager'!K41 | K26: ='📋 Product Manager'!L41 | L26: =IFERROR(IF('📋 Product Manager'!N41="","",'📋 Product Manager'!N41),"")
A28: ← Back to Product Manager | E28: ← Price Summary

Sheet Globe Valves
A1: SUNFORD VALVES COMPANY · GLOBE VALVES · PRICE LIST
A2: ⚡ LIVE — All data below is formula-linked to 📋 Product Manager. Edit prices there, they update here automatically.
A4: Sr. | B4: Product Description | C4: MOC / Material | D4: Size | E4: Pressure Class | F4: End Connection | G4: Design Standard | H4: Hydro Test | I4: Unit | J4: Rate (INR) | K4: Status | L4: Remarks
A5: ='📋 Product Manager'!B19
A6: =IFERROR(" Design: "&'📋 Product Manager'!H19&" · Hydro: "&'📋 Product Manager'!I19&" Kg/Cm²", "")
A7: =IFERROR(" MOC: "&'📋 Product Manager'!D19, "")
A8: 1 | B8: ='📋 Product Manager'!B19 | C8: ='📋 Product Manager'!D19 | D8: ='📋 Product Manager'!E19 | E8: =IFERROR(IF('📋 Product Manager'!F19<>"",'📋 Product Manager'!F19,'📋 Product Manager'!G19),"") | F8: ='📋 Product Manager'!G19 | G8: ='📋 Product Manager'!H19 | H8: ='📋 Product Manager'!I19 | I8: ='📋 Product Manager'!J19 | J8: ='📋 Product Manager'!K19 | K8: ='📋 Product Manager'!L19 | L8: =IFERROR(IF('📋 Product Manager'!N19="","",'📋 Product Manager'!N19),"")
A9: 2 | B9: ='📋 Product Manager'!B20 | C9: ='📋 Product Manager'!D20 | D9: ='📋 Product Manager'!E20 | E9: =IFERROR(IF('📋 Product Manager'!F20<>"",'📋 Product Manager'!F20,'📋 Product Manager'!G20),"") | F9: ='📋 Product Manager'!G20 | G9: ='📋 Product Manager'!H20 | H9: ='📋 Product Manager'!I20 | I9: ='📋 Product Manager'!J20 | J9: ='📋 Product Manager'!K20 | K9: ='📋 Product Manager'!L20 | L9: =IFERROR(IF('📋 Product Manager'!N20="","",'📋 Product Manager'!N20),"")
A10: 3 | B10: ='📋 Product Manager'!B21 | C10: ='📋 Product Manager'!D21 | D10: ='📋 Product Manager'!E21 | E10: =IFERROR(IF('📋 Product Manager'!F21<>"",'📋 Product Manager'!F21,'📋 Product Manager'!G21),"") | F10: ='📋 Product Manager'!G21 | G10: ='📋 Product Manager'!H21 | H10: ='📋 Product Manager'!I21 | I10: ='📋 Product Manager'!J21 | J10: ='📋 Product Manager'!K21 | K10: ='📋 Product Manager'!L21 | L10: =IFERROR(IF('📋 Product Manager'!N21="","",'📋 Product Manager'!N21),"")
A11: 4 | B11: ='📋 Product Manager'!B22 | C11: ='📋 Product Manager'!D22 | D11: ='📋 Product Manager'!E22 | E11: =IFERROR(IF('📋 Product Manager'!F22<>"",'📋 Product Manager'!F22,'📋 Product Manager'!G22),"") | F11: ='📋 Product Manager'!G22 | G11: ='📋 Product Manager'!H22 | H11: ='📋 Product Manager'!I22 | I11: ='📋 Product Manager'!J22 | J11: ='📋 Product Manager'!K22 | K11: ='📋 Product Manager'!L22 | L11: =IFERROR(IF('📋 Product Manager'!N22="","",'📋 Product Manager'!N22),"")
A12: 5 | B12: ='📋 Product Manager'!B23 | C12: ='📋 Product Manager'!D23 | D12: ='📋 Product Manager'!E23 | E12: =IFERROR(IF('📋 Product Manager'!F23<>"",'📋 Product Manager'!F23,'📋 Product Manager'!G23),"") | F12: ='📋 Product Manager'!G23 | G12: ='📋 Product Manager'!H23 | H12: ='📋 Product Manager'!I23 | I12: ='📋 Product Manager'!J23 | J12: ='📋 Product Manager'!K23 | K12: ='📋 Product Manager'!L23 | L12: =IFERROR(IF('📋 Product Manager'!N23="","",'📋 Product Manager'!N23),"")
A13: 6 | B13: ='📋 Product Manager'!B24 | C13: ='📋 Product Manager'!D24 | D13: ='📋 Product Manager'!E24 | E13: =IFERROR(IF('📋 Product Manager'!F24<>"",'📋 Product Manager'!F24,'📋 Product Manager'!G24),"") | F13: ='📋 Product Manager'!G24 | G13: ='📋 Product Manager'!H24 | H13: ='📋 Product Manager'!I24 | I13: ='📋 Product Manager'!J24 | J13: ='📋 Product Manager'!K24 | K13: ='📋 Product Manager'!L24 | L13: =IFERROR(IF('📋 Product Manager'!N24="","",'📋 Product Manager'!N24),"")
A14: 7 | B14: ='📋 Product Manager'!B25 | C14: ='📋 Product Manager'!D25 | D14: ='📋 Product Manager'!E25 | E14: =IFERROR(IF('📋 Product Manager'!F25<>"",'📋 Product Manager'!F25,'📋 Product Manager'!G25),"") | F14: ='📋 Product Manager'!G25 | G14: ='📋 Product Manager'!H25 | H14: ='📋 Product Manager'!I25 | I14: ='📋 Product Manager'!J25 | J14: ='📋 Product Manager'!K25 | K14: ='📋 Product Manager'!L25 | L14: =IFERROR(IF('📋 Product Manager'!N25="","",'📋 Product Manager'!N25),"")
A15: 8 | B15: ='📋 Product Manager'!B26 | C15: ='📋 Product Manager'!D26 | D15: ='📋 Product Manager'!E26 | E15: =IFERROR(IF('📋 Product Manager'!F26<>"",'📋 Product Manager'!F26,'📋 Product Manager'!G26),"") | F15: ='📋 Product Manager'!G26 | G15: ='📋 Product Manager'!H26 | H15: ='📋 Product Manager'!I26 | I15: ='📋 Product Manager'!J26 | J15: ='📋 Product Manager'!K26 | K15: ='📋 Product Manager'!L26 | L15: =IFERROR(IF('📋 Product Manager'!N26="","",'📋 Product Manager'!N26),"")
A16: 9 | B16: ='📋 Product Manager'!B27 | C16: ='📋 Product Manager'!D27 | D16: ='📋 Product Manager'!E27 | E16: =IFERROR(IF('📋 Product Manager'!F27<>"",'📋 Product Manager'!F27,'📋 Product Manager'!G27),"") | F16: ='📋 Product Manager'!G27 | G16: ='📋 Product Manager'!H27 | H16: ='📋 Product Manager'!I27 | I16: ='📋 Product Manager'!J27 | J16: ='📋 Product Manager'!K27 | K16: ='📋 Product Manager'!L27 | L16: =IFERROR(IF('📋 Product Manager'!N27="","",'📋 Product Manager'!N27),"")
A17: 10 | B17: ='📋 Product Manager'!B28 | C17: ='📋 Product Manager'!D28 | D17: ='📋 Product Manager'!E28 | E17: =IFERROR(IF('📋 Product Manager'!F28<>"",'📋 Product Manager'!F28,'📋 Product Manager'!G28),"") | F17: ='📋 Product Manager'!G28 | G17: ='📋 Product Manager'!H28 | H17: ='📋 Product Manager'!I28 | I17: ='📋 Product Manager'!J28 | J17: ='📋 Product Manager'!K28 | K17: ='📋 Product Manager'!L28 | L17: =IFERROR(IF('📋 Product Manager'!N28="","",'📋 Product Manager'!N28),"")
A19: ← Back to Product Manager | E19: ← Price Summary

Sheet Control Valves
A1: SUNFORD VALVES COMPANY · CONTROL VALVES · PRICE LIST
A2: ⚡ LIVE — All data below is formula-linked to 📋 Product Manager. Edit prices there, they update here automatically.
A4: Sr. | B4: Product Description | C4: MOC / Material | D4: Size | E4: Pressure Class | F4: End Connection | G4: Design Standard | H4: Hydro Test | I4: Unit | J4: Rate (INR) | K4: Status | L4: Remarks
A5: ='📋 Product Manager'!B29
A6: =IFERROR(" Design: "&'📋 Product Manager'!H29&" · Hydro: "&'📋 Product Manager'!I29&" Kg/Cm²", "")
A7: =IFERROR(" MOC: "&'📋 Product Manager'!D29, "")
A8: 1 | B8: ='📋 Product Manager'!B29 | C8: ='📋 Product Manager'!D29 | D8: ='📋 Product Manager'!E29 | E8: =IFERROR(IF('📋 Product Manager'!F29<>"",'📋 Product Manager'!F29,'📋 Product Manager'!G29),"") | F8: ='📋 Product Manager'!G29 | G8: ='📋 Product Manager'!H29 | H8: ='📋 Product Manager'!I29 | I8: ='📋 Product Manager'!J29 | J8: ='📋 Product Manager'!K29 | K8: ='📋 Product Manager'!L29 | L8: =IFERROR(IF('📋 Product Manager'!N29="","",'📋 Product Manager'!N29),"")
A9: 2 | B9: ='📋 Product Manager'!B30 | C9: ='📋 Product Manager'!D30 | D9: ='📋 Product Manager'!E30 | E9: =IFERROR(IF('📋 Product Manager'!F30<>"",'📋 Product Manager'!F30,'📋 Product Manager'!G30),"") | F9: ='📋 Product Manager'!G30 | G9: ='📋 Product Manager'!H30 | H9: ='📋 Product Manager'!I30 | I9: ='📋 Product Manager'!J30 | J9: ='📋 Product Manager'!K30 | K9: ='📋 Product Manager'!L30 | L9: =IFERROR(IF('📋 Product Manager'!N30="","",'📋 Product Manager'!N30),"")
A10: 3 | B10: ='📋 Product Manager'!B31 | C10: ='📋 Product Manager'!D31 | D10: ='📋 Product Manager'!E31 | E10: =IFERROR(IF('📋 Product Manager'!F31<>"",'📋 Product Manager'!F31,'📋 Product Manager'!G31),"") | F10: ='📋 Product Manager'!G31 | G10: ='📋 Product Manager'!H31 | H10: ='📋 Product Manager'!I31 | I10: ='📋 Product Manager'!J31 | J10: ='📋 Product Manager'!K31 | K10: ='📋 Product Manager'!L31 | L10: =IFERROR(IF('📋 Product Manager'!N31="","",'📋 Product Manager'!N31),"")
A11: 4 | B11: ='📋 Product Manager'!B32 | C11: ='📋 Product Manager'!D32 | D11: ='📋 Product Manager'!E32 | E11: =IFERROR(IF('📋 Product Manager'!F32<>"",'📋 Product Manager'!F32,'📋 Product Manager'!G32),"") | F11: ='📋 Product Manager'!G32 | G11: ='📋 Product Manager'!H32 | H11: ='📋 Product Manager'!I32 | I11: ='📋 Product Manager'!J32 | J11: ='📋 Product Manager'!K32 | K11: ='📋 Product Manager'!L32 | L11: =IFERROR(IF('📋 Product Manager'!N32="","",'📋 Product Manager'!N32),"")
A12: 5 | B12: ='📋 Product Manager'!B33 | C12: ='📋 Product Manager'!D33 | D12: ='📋 Product Manager'!E33 | E12: =IFERROR(IF('📋 Product Manager'!F33<>"",'📋 Product Manager'!F33,'📋 Product Manager'!G33),"") | F12: ='📋 Product Manager'!G33 | G12: ='📋 Product Manager'!H33 | H12: ='📋 Product Manager'!I33 | I12: ='📋 Product Manager'!J33 | J12: ='📋 Product Manager'!K33 | K12: ='📋 Product Manager'!L33 | L12: =IFERROR(IF('📋 Product Manager'!N33="","",'📋 Product Manager'!N33),"")
A13: 6 | B13: ='📋 Product Manager'!B34 | C13: ='📋 Product Manager'!D34 | D13: ='📋 Product Manager'!E34 | E13: =IFERROR(IF('📋 Product Manager'!F34<>"",'📋 Product Manager'!F34,'📋 Product Manager'!G34),"") | F13: ='📋 Product Manager'!G34 | G13: ='📋 Product Manager'!H34 | H13: ='📋 Product Manager'!I34 | I13: ='📋 Product Manager'!J34 | J13: ='📋 Product Manager'!K34 | K13: ='📋 Product Manager'!L34 | L13: =IFERROR(IF('📋 Product Manager'!N34="","",'📋 Product Manager'!N34),"")
A14: 7 | B14: ='📋 Product Manager'!B35 | C14: ='📋 Product Manager'!D35 | D14: ='📋 Product Manager'!E35 | E14: =IFERROR(IF('📋 Product Manager'!F35<>"",'📋 Product Manager'!F35,'📋 Product Manager'!G35),"") | F14: ='📋 Product Manager'!G35 | G14: ='📋 Product Manager'!H35 | H14: ='📋 Product Manager'!I35 | I14: ='📋 Product Manager'!J35 | J14: ='📋 Product Manager'!K35 | K14: ='📋 Product Manager'!L35 | L14: =IFERROR(IF('📋 Product Manager'!N35="","",'📋 Product Manager'!N35),"")
A15: 8 | B15: ='📋 Product Manager'!B36 | C15: ='📋 Product Manager'!D36 | D15: ='📋 Product Manager'!E36 | E15: =IFERROR(IF('📋 Product Manager'!F36<>"",'📋 Product Manager'!F36,'📋 Product Manager'!G36),"") | F15: ='📋 Product Manager'!G36 | G15: ='📋 Product Manager'!H36 | H15: ='📋 Product Manager'!I36 | I15: ='📋 Product Manager'!J36 | J15: ='📋 Product Manager'!K36 | K15: ='📋 Product Manager'!L36 | L15: =IFERROR(IF('📋 Product Manager'!N36="","",'📋 Product Manager'!N36),"")
A16: ='📋 Product Manager'!B146
A17: =IFERROR(" Design: "&'📋 Product Manager'!H146&" · Hydro: "&'📋 Product Manager'!I146&" Kg/Cm²", "")
A18: =IFERROR(" MOC: "&'📋 Product Manager'!D146, "")
A19: 9 | B19: ='📋 Product Manager'!B146 | C19: ='📋 Product Manager'!D146 | D19: ='📋 Product Manager'!E146 | E19: =IFERROR(IF('📋 Product Manager'!F146<>"",'📋 Product Manager'!F146,'📋 Product Manager'!G146),"") | F19: ='📋 Product Manager'!G146 | G19: ='📋 Product Manager'!H146 | H19: ='📋 Product Manager'!I146 | I19: ='📋 Product Manager'!J146 | J19: ='📋 Product Manager'!K146 | K19: ='📋 Product Manager'!L146 | L19: =IFERROR(IF('📋 Product Manager'!N146="","",'📋 Product Manager'!N146),"")
A20: 10 | B20: ='📋 Product Manager'!B147 | C20: ='📋 Product Manager'!D147 | D20: ='📋 Product Manager'!E147 | E20: =IFERROR(IF('📋 Product Manager'!F147<>"",'📋 Product Manager'!F147,'📋 Product Manager'!G147),"") | F20: ='📋 Product Manager'!G147 | G20: ='📋 Product Manager'!H147 | H20: ='📋 Product Manager'!I147 | I20: ='📋 Product Manager'!J147 | J20: ='📋 Product Manager'!K147 | K20: ='📋 Product Manager'!L147 | L20: =IFERROR(IF('📋 Product Manager'!N147="","",'📋 Product Manager'!N147),"")
A21: 11 | B21: ='📋 Product Manager'!B148 | C21: ='📋 Product Manager'!D148 | D21: ='📋 Product Manager'!E148 | E21: =IFERROR(IF('📋 Product Manager'!F148<>"",'📋 Product Manager'!F148,'📋 Product Manager'!G148),"") | F21: ='📋 Product Manager'!G148 | G21: ='📋 Product Manager'!H148 | H21: ='📋 Product Manager'!I148 | I21: ='📋 Product Manager'!J148 | J21: ='📋 Product Manager'!K148 | K21: ='📋 Product Manager'!L148 | L21: =IFERROR(IF('📋 Product Manager'!N148="","",'📋 Product Manager'!N148),"")
A22: 12 | B22: ='📋 Product Manager'!B149 | C22: ='📋 Product Manager'!D149 | D22: ='📋 Product Manager'!E149 | E22: =IFERROR(IF('📋 Product Manager'!F149<>"",'📋 Product Manager'!F149,'📋 Product Manager'!G149),"") | F22: ='📋 Product Manager'!G149 | G22: ='📋 Product Manager'!H149 | H22: ='📋 Product Manager'!I149 | I22: ='📋 Product Manager'!J149 | J22: ='📋 Product Manager'!K149 | K22: ='📋 Product Manager'!L149 | L22: =IFERROR(IF('📋 Product Manager'!N149="","",'📋 Product Manager'!N149),"")
A23: 13 | B23: ='📋 Product Manager'!B150 | C23: ='📋 Product Manager'!D150 | D23: ='📋 Product Manager'!E150 | E23: =IFERROR(IF('📋 Product Manager'!F150<>"",'📋 Product Manager'!F150,'📋 Product Manager'!G150),"") | F23: ='📋 Product Manager'!G150 | G23: ='📋 Product Manager'!H150 | H23: ='📋 Product Manager'!I150 | I23: ='📋 Product Manager'!J150 | J23: ='📋 Product Manager'!K150 | K23: ='📋 Product Manager'!L150 | L23: =IFERROR(IF('📋 Product Manager'!N150="","",'📋 Product Manager'!N150),"")
A24: ='📋 Product Manager'!B151
A25: =IFERROR(" Design: "&'📋 Product Manager'!H151&" · Hydro: "&'📋 Product Manager'!I151&" Kg/Cm²", "")
A26: =IFERROR(" MOC: "&'📋 Product Manager'!D151, "")
A27: 14 | B27: ='📋 Product Manager'!B151 | C27: ='📋 Product Manager'!D151 | D27: ='📋 Product Manager'!E151 | E27: =IFERROR(IF('📋 Product Manager'!F151<>"",'📋 Product Manager'!F151,'📋 Product Manager'!G151),"") | F27: ='📋 Product Manager'!G151 | G27: ='📋 Product Manager'!H151 | H27: ='📋 Product Manager'!I151 | I27: ='📋 Product Manager'!J151 | J27: ='📋 Product Manager'!K151 | K27: ='📋 Product Manager'!L151 | L27: =IFERROR(IF('📋 Product Manager'!N151="","",'📋 Product Manager'!N151),"")
A28: 15 | B28: ='📋 Product Manager'!B152 | C28: ='📋 Product Manager'!D152 | D28: ='📋 Product Manager'!E152 | E28: =IFERROR(IF('📋 Product Manager'!F152<>"",'📋 Product Manager'!F152,'📋 Product Manager'!G152),"") | F28: ='📋 Product Manager'!G152 | G28: ='📋 Product Manager'!H152 | H28: ='📋 Product Manager'!I152 | I28: ='📋 Product Manager'!J152 | J28: ='📋 Product Manager'!K152 | K28: ='📋 Product Manager'!L152 | L28: =IFERROR(IF('📋 Product Manager'!N152="","",'📋 Product Manager'!N152),"")
A29: 16 | B29: ='📋 Product Manager'!B153 | C29: ='📋 Product Manager'!D153 | D29: ='📋 Product Manager'!E153 | E29: =IFERROR(IF('📋 Product Manager'!F153<>"",'📋 Product Manager'!F153,'📋 Product Manager'!G153),"") | F29: ='📋 Product Manager'!G153 | G29: ='📋 Product Manager'!H153 | H29: ='📋 Product Manager'!I153 | I29: ='📋 Product Manager'!J153 | J29: ='📋 Product Manager'!K153 | K29: ='📋 Product Manager'!L153 | L29: =IFERROR(IF('📋 Product Manager'!N153="","",'📋 Product Manager'!N153),"")
A30: ='📋 Product Manager'!B154
A31: =IFERROR(" Design: "&'📋 Product Manager'!H154&" · Hydro: "&'📋 Product Manager'!I154&" Kg/Cm²", "")
A32: =IFERROR(" MOC: "&'📋 Product Manager'!D154, "")
A33: 17 | B33: ='📋 Product Manager'!B154 | C33: ='📋 Product Manager'!D154 | D33: ='📋 Product Manager'!E154 | E33: =IFERROR(IF('📋 Product Manager'!F154<>"",'📋 Product Manager'!F154,'📋 Product Manager'!G154),"") | F33: ='📋 Product Manager'!G154 | G33: ='📋 Product Manager'!H154 | H33: ='📋 Product Manager'!I154 | I33: ='📋 Product Manager'!J154 | J33: ='📋 Product Manager'!K154 | K33: ='📋 Product Manager'!L154 | L33: =IFERROR(IF('📋 Product Manager'!N154="","",'📋 Product Manager'!N154),"")
A34: 18 | B34: ='📋 Product Manager'!B155 | C34: ='📋 Product Manager'!D155 | D34: ='📋 Product Manager'!E155 | E34: =IFERROR(IF('📋 Product Manager'!F155<>"",'📋 Product Manager'!F155,'📋 Product Manager'!G155),"") | F34: ='📋 Product Manager'!G155 | G34: ='📋 Product Manager'!H155 | H34: ='📋 Product Manager'!I155 | I34: ='📋 Product Manager'!J155 | J34: ='📋 Product Manager'!K155 | K34: ='📋 Product Manager'!L155 | L34: =IFERROR(IF('📋 Product Manager'!N155="","",'📋 Product Manager'!N155),"")
A35: 19 | B35: ='📋 Product Manager'!B156 | C35: ='📋 Product Manager'!D156 | D35: ='📋 Product Manager'!E156 | E35: =IFERROR(IF('📋 Product Manager'!F156<>"",'📋 Product Manager'!F156,'📋 Product Manager'!G156),"") | F35: ='📋 Product Manager'!G156 | G35: ='📋 Product Manager'!H156 | H35: ='📋 Product Manager'!I156 | I35: ='📋 Product Manager'!J156 | J35: ='📋 Product Manager'!K156 | K35: ='📋 Product Manager'!L156 | L35: =IFERROR(IF('📋 Product Manager'!N156="","",'📋 Product Manager'!N156),"")
A36: 20 | B36: ='📋 Product Manager'!B157 | C36: ='📋 Product Manager'!D157 | D36: ='📋 Product Manager'!E157 | E36: =IFERROR(IF('📋 Product Manager'!F157<>"",'📋 Product Manager'!F157,'📋 Product Manager'!G157),"") | F36: ='📋 Product Manager'!G157 | G36: ='📋 Product Manager'!H157 | H36: ='📋 Product Manager'!I157 | I36: ='📋 Product Manager'!J157 | J36: ='📋 Product Manager'!K157 | K36: ='📋 Product Manager'!L157 | L36: =IFERROR(IF('📋 Product Manager'!N157="","",'📋 Product Manager'!N157),"")
A37: 21 | B37: ='📋 Product Manager'!B158 | C37: ='📋 Product Manager'!D158 | D37: ='📋 Product Manager'!E158 | E37: =IFERROR(IF('📋 Product Manager'!F158<>"",'📋 Product Manager'!F158,'📋 Product Manager'!G158),"") | F37: ='📋 Product Manager'!G158 | G37: ='📋 Product Manager'!H158 | H37: ='📋 Product Manager'!I158 | I37: ='📋 Product Manager'!J158 | J37: ='📋 Product Manager'!K158 | K37: ='📋 Product Manager'!L158 | L37: =IFERROR(IF('📋 Product Manager'!N158="","",'📋 Product Manager'!N158),"")
A38: ='📋 Product Manager'!B159
A39: =IFERROR(" Design: "&'📋 Product Manager'!H159&" · Hydro: "&'📋 Product Manager'!I159&" Kg/Cm²", "")
A40: =IFERROR(" MOC: "&'📋 Product Manager'!D159, "")
A41: 22 | B41: ='📋 Product Manager'!B159 | C41: ='📋 Product Manager'!D159 | D41: ='📋 Product Manager'!E159 | E41: =IFERROR(IF('📋 Product Manager'!F159<>"",'📋 Product Manager'!F159,'📋 Product Manager'!G159),"") | F41: ='📋 Product Manager'!G159 | G41: ='📋 Product Manager'!H159 | H41: ='📋 Product Manager'!I159 | I41: ='📋 Product Manager'!J159 | J41: ='📋 Product Manager'!K159 | K41: ='📋 Product Manager'!L159 | L41: =IFERROR(IF('📋 Product Manager'!N159="","",'📋 Product Manager'!N159),"")
A42: 23 | B42: ='📋 Product Manager'!B160 | C42: ='📋 Product Manager'!D160 | D42: ='📋 Product Manager'!E160 | E42: =IFERROR(IF('📋 Product Manager'!F160<>"",'📋 Product Manager'!F160,'📋 Product Manager'!G160),"") | F42: ='📋 Product Manager'!G160 | G42: ='📋 Product Manager'!H160 | H42: ='📋 Product Manager'!I160 | I42: ='📋 Product Manager'!J160 | J42: ='📋 Product Manager'!K160 | K42: ='📋 Product Manager'!L160 | L42: =IFERROR(IF('📋 Product Manager'!N160="","",'📋 Product Manager'!N160),"")
A43: 24 | B43: ='📋 Product Manager'!B161 | C43: ='📋 Product Manager'!D161 | D43: ='📋 Product Manager'!E161 | E43: =IFERROR(IF('📋 Product Manager'!F161<>"",'📋 Product Manager'!F161,'📋 Product Manager'!G161),"") | F43: ='📋 Product Manager'!G161 | G43: ='📋 Product Manager'!H161 | H43: ='📋 Product Manager'!I161 | I43: ='📋 Product Manager'!J161 | J43: ='📋 Product Manager'!K161 | K43: ='📋 Product Manager'!L161 | L43: =IFERROR(IF('📋 Product Manager'!N161="","",'📋 Product Manager'!N161),"")
A44: 25 | B44: ='📋 Product Manager'!B162 | C44: ='📋 Product Manager'!D162 | D44: ='📋 Product Manager'!E162 | E44: =IFERROR(IF('📋 Product Manager'!F162<>"",'📋 Product Manager'!F162,'📋 Product Manager'!G162),"") | F44: ='📋 Product Manager'!G162 | G44: ='📋 Product Manager'!H162 | H44: ='📋 Product Manager'!I162 | I44: ='📋 Product Manager'!J162 | J44: ='📋 Product Manager'!K162 | K44: ='📋 Product Manager'!L162 | L44: =IFERROR(IF('📋 Product Manager'!N162="","",'📋 Product Manager'!N162),"")
A45: 26 | B45: ='📋 Product Manager'!B163 | C45: ='📋 Product Manager'!D163 | D45: ='📋 Product Manager'!E163 | E45: =IFERROR(IF('📋 Product Manager'!F163<>"",'📋 Product Manager'!F163,'📋 Product Manager'!G163),"") | F45: ='📋 Product Manager'!G163 | G45: ='📋 Product Manager'!H163 | H45: ='📋 Product Manager'!I163 | I45: ='📋 Product Manager'!J163 | J45: ='📋 Product Manager'!K163 | K45: ='📋 Product Manager'!L163 | L45: =IFERROR(IF('📋 Product Manager'!N163="","",'📋 Product Manager'!N163),"")
A47: ← Back to Product Manager | E47: ← Price Summary

Sheet Strainers
A1: SUNFORD VALVES COMPANY · STRAINERS · PRICE LIST
A2: ⚡ LIVE — All data below is formula-linked to 📋 Product Manager. Edit prices there, they update here automatically.
A4: Sr. | B4: Product Description | C4: MOC / Material | D4: Size | E4: Pressure Class | F4: End Connection | G4: Design Standard | H4: Hydro Test | I4: Unit | J4: Rate (INR) | K4: Status | L4: Remarks
A5: ='📋 Product Manager'!B42
A6: =IFERROR(" Design: "&'📋 Product Manager'!H42&" · Hydro: "&'📋 Product Manager'!I42&" Kg/Cm²", "")
A7: =IFERROR(" MOC: "&'📋 Product Manager'!D42, "")
A8: 1 | B8: ='📋 Product Manager'!B42 | C8: ='📋 Product Manager'!D42 | D8: ='📋 Product Manager'!E42 | E8: =IFERROR(IF('📋 Product Manager'!F42<>"",'📋 Product Manager'!F42,'📋 Product Manager'!G42),"") | F8: ='📋 Product Manager'!G42 | G8: ='📋 Product Manager'!H42 | H8: ='📋 Product Manager'!I42 | I8: ='📋 Product Manager'!J42 | J8: ='📋 Product Manager'!K42 | K8: ='📋 Product Manager'!L42 | L8: =IFERROR(IF('📋 Product Manager'!N42="","",'📋 Product Manager'!N42),"")
A9: 2 | B9: ='📋 Product Manager'!B43 | C9: ='📋 Product Manager'!D43 | D9: ='📋 Product Manager'!E43 | E9: =IFERROR(IF('📋 Product Manager'!F43<>"",'📋 Product Manager'!F43,'📋 Product Manager'!G43),"") | F9: ='📋 Product Manager'!G43 | G9: ='📋 Product Manager'!H43 | H9: ='📋 Product Manager'!I43 | I9: ='📋 Product Manager'!J43 | J9: ='📋 Product Manager'!K43 | K9: ='📋 Product Manager'!L43 | L9: =IFERROR(IF('📋 Product Manager'!N43="","",'📋 Product Manager'!N43),"")
A10: 3 | B10: ='📋 Product Manager'!B44 | C10: ='📋 Product Manager'!D44 | D10: ='📋 Product Manager'!E44 | E10: =IFERROR(IF('📋 Product Manager'!F44<>"",'📋 Product Manager'!F44,'📋 Product Manager'!G44),"") | F10: ='📋 Product Manager'!G44 | G10: ='📋 Product Manager'!H44 | H10: ='📋 Product Manager'!I44 | I10: ='📋 Product Manager'!J44 | J10: ='📋 Product Manager'!K44 | K10: ='📋 Product Manager'!L44 | L10: =IFERROR(IF('📋 Product Manager'!N44="","",'📋 Product Manager'!N44),"")
A11: 4 | B11: ='📋 Product Manager'!B45 | C11: ='📋 Product Manager'!D45 | D11: ='📋 Product Manager'!E45 | E11: =IFERROR(IF('📋 Product Manager'!F45<>"",'📋 Product Manager'!F45,'📋 Product Manager'!G45),"") | F11: ='📋 Product Manager'!G45 | G11: ='📋 Product Manager'!H45 | H11: ='📋 Product Manager'!I45 | I11: ='📋 Product Manager'!J45 | J11: ='📋 Product Manager'!K45 | K11: ='📋 Product Manager'!L45 | L11: =IFERROR(IF('📋 Product Manager'!N45="","",'📋 Product Manager'!N45),"")
A12: 5 | B12: ='📋 Product Manager'!B46 | C12: ='📋 Product Manager'!D46 | D12: ='📋 Product Manager'!E46 | E12: =IFERROR(IF('📋 Product Manager'!F46<>"",'📋 Product Manager'!F46,'📋 Product Manager'!G46),"") | F12: ='📋 Product Manager'!G46 | G12: ='📋 Product Manager'!H46 | H12: ='📋 Product Manager'!I46 | I12: ='📋 Product Manager'!J46 | J12: ='📋 Product Manager'!K46 | K12: ='📋 Product Manager'!L46 | L12: =IFERROR(IF('📋 Product Manager'!N46="","",'📋 Product Manager'!N46),"")
A13: 6 | B13: ='📋 Product Manager'!B47 | C13: ='📋 Product Manager'!D47 | D13: ='📋 Product Manager'!E47 | E13: =IFERROR(IF('📋 Product Manager'!F47<>"",'📋 Product Manager'!F47,'📋 Product Manager'!G47),"") | F13: ='📋 Product Manager'!G47 | G13: ='📋 Product Manager'!H47 | H13: ='📋 Product Manager'!I47 | I13: ='📋 Product Manager'!J47 | J13: ='📋 Product Manager'!K47 | K13: ='📋 Product Manager'!L47 | L13: =IFERROR(IF('📋 Product Manager'!N47="","",'📋 Product Manager'!N47),"")
A14: 7 | B14: ='📋 Product Manager'!B48 | C14: ='📋 Product Manager'!D48 | D14: ='📋 Product Manager'!E48 | E14: =IFERROR(IF('📋 Product Manager'!F48<>"",'📋 Product Manager'!F48,'📋 Product Manager'!G48),"") | F14: ='📋 Product Manager'!G48 | G14: ='📋 Product Manager'!H48 | H14: ='📋 Product Manager'!I48 | I14: ='📋 Product Manager'!J48 | J14: ='📋 Product Manager'!K48 | K14: ='📋 Product Manager'!L48 | L14: =IFERROR(IF('📋 Product Manager'!N48="","",'📋 Product Manager'!N48),"")
A15: 8 | B15: ='📋 Product Manager'!B49 | C15: ='📋 Product Manager'!D49 | D15: ='📋 Product Manager'!E49 | E15: =IFERROR(IF('📋 Product Manager'!F49<>"",'📋 Product Manager'!F49,'📋 Product Manager'!G49),"") | F15: ='📋 Product Manager'!G49 | G15: ='📋 Product Manager'!H49 | H15: ='📋 Product Manager'!I49 | I15: ='📋 Product Manager'!J49 | J15: ='📋 Product Manager'!K49 | K15: ='📋 Product Manager'!L49 | L15: =IFERROR(IF('📋 Product Manager'!N49="","",'📋 Product Manager'!N49),"")
A16: 9 | B16: ='📋 Product Manager'!B50 | C16: ='📋 Product Manager'!D50 | D16: ='📋 Product Manager'!E50 | E16: =IFERROR(IF('📋 Product Manager'!F50<>"",'📋 Product Manager'!F50,'📋 Product Manager'!G50),"") | F16: ='📋 Product Manager'!G50 | G16: ='📋 Product Manager'!H50 | H16: ='📋 Product Manager'!I50 | I16: ='📋 Product Manager'!J50 | J16: ='📋 Product Manager'!K50 | K16: ='📋 Product Manager'!L50 | L16: =IFERROR(IF('📋 Product Manager'!N50="","",'📋 Product Manager'!N50),"")
A17: 10 | B17: ='📋 Product Manager'!B51 | C17: ='📋 Product Manager'!D51 | D17: ='📋 Product Manager'!E51 | E17: =IFERROR(IF('📋 Product Manager'!F51<>"",'📋 Product Manager'!F51,'📋 Product Manager'!G51),"") | F17: ='📋 Product Manager'!G51 | G17: ='📋 Product Manager'!H51 | H17: ='📋 Product Manager'!I51 | I17: ='📋 Product Manager'!J51 | J17: ='📋 Product Manager'!K51 | K17: ='📋 Product Manager'!L51 | L17: =IFERROR(IF('📋 Product Manager'!N51="","",'📋 Product Manager'!N51),"")
A19: ← Back to Product Manager | E19: ← Price Summary

Sheet Check Valves
A1: SUNFORD VALVES COMPANY · CHECK VALVES · PRICE LIST
A2: ⚡ LIVE — All data below is formula-linked to 📋 Product Manager. Edit prices there, they update here automatically.
A4: Sr. | B4: Product Description | C4: MOC / Material | D4: Size | E4: Pressure Class | F4: End Connection | G4: Design Standard | H4: Hydro Test | I4: Unit | J4: Rate (INR) | K4: Status | L4: Remarks
A5: ='📋 Product Manager'!B52
A6: =IFERROR(" Design: "&'📋 Product Manager'!H52&" · Hydro: "&'📋 Product Manager'!I52&" Kg/Cm²", "")
A7: =IFERROR(" MOC: "&'📋 Product Manager'!D52, "")
A8: 1 | B8: ='📋 Product Manager'!B52 | C8: ='📋 Product Manager'!D52 | D8: ='📋 Product Manager'!E52 | E8: =IFERROR(IF('📋 Product Manager'!F52<>"",'📋 Product Manager'!F52,'📋 Product Manager'!G52),"") | F8: ='📋 Product Manager'!G52 | G8: ='📋 Product Manager'!H52 | H8: ='📋 Product Manager'!I52 | I8: ='📋 Product Manager'!J52 | J8: ='📋 Product Manager'!K52 | K8: ='📋 Product Manager'!L52 | L8: =IFERROR(IF('📋 Product Manager'!N52="","",'📋 Product Manager'!N52),"")
A9: 2 | B9: ='📋 Product Manager'!B53 | C9: ='📋 Product Manager'!D53 | D9: ='📋 Product Manager'!E53 | E9: =IFERROR(IF('📋 Product Manager'!F53<>"",'📋 Product Manager'!F53,'📋 Product Manager'!G53),"") | F9: ='📋 Product Manager'!G53 | G9: ='📋 Product Manager'!H53 | H9: ='📋 Product Manager'!I53 | I9: ='📋 Product Manager'!J53 | J9: ='📋 Product Manager'!K53 | K9: ='📋 Product Manager'!L53 | L9: =IFERROR(IF('📋 Product Manager'!N53="","",'📋 Product Manager'!N53),"")
A10: 3 | B10: ='📋 Product Manager'!B54 | C10: ='📋 Product Manager'!D54 | D10: ='📋 Product Manager'!E54 | E10: =IFERROR(IF('📋 Product Manager'!F54<>"",'📋 Product Manager'!F54,'📋 Product Manager'!G54),"") | F10: ='📋 Product Manager'!G54 | G10: ='📋 Product Manager'!H54 | H10: ='📋 Product Manager'!I54 | I10: ='📋 Product Manager'!J54 | J10: ='📋 Product Manager'!K54 | K10: ='📋 Product Manager'!L54 | L10: =IFERROR(IF('📋 Product Manager'!N54="","",'📋 Product Manager'!N54),"")
A11: 4 | B11: ='📋 Product Manager'!B55 | C11: ='📋 Product Manager'!D55 | D11: ='📋 Product Manager'!E55 | E11: =IFERROR(IF('📋 Product Manager'!F55<>"",'📋 Product Manager'!F55,'📋 Product Manager'!G55),"") | F11: ='📋 Product Manager'!G55 | G11: ='📋 Product Manager'!H55 | H11: ='📋 Product Manager'!I55 | I11: ='📋 Product Manager'!J55 | J11: ='📋 Product Manager'!K55 | K11: ='📋 Product Manager'!L55 | L11: =IFERROR(IF('📋 Product Manager'!N55="","",'📋 Product Manager'!N55),"")
A12: 5 | B12: ='📋 Product Manager'!B56 | C12: ='📋 Product Manager'!D56 | D12: ='📋 Product Manager'!E56 | E12: =IFERROR(IF('📋 Product Manager'!F56<>"",'📋 Product Manager'!F56,'📋 Product Manager'!G56),"") | F12: ='📋 Product Manager'!G56 | G12: ='📋 Product Manager'!H56 | H12: ='📋 Product Manager'!I56 | I12: ='📋 Product Manager'!J56 | J12: ='📋 Product Manager'!K56 | K12: ='📋 Product Manager'!L56 | L12: =IFERROR(IF('📋 Product Manager'!N56="","",'📋 Product Manager'!N56),"")
A13: 6 | B13: ='📋 Product Manager'!B57 | C13: ='📋 Product Manager'!D57 | D13: ='📋 Product Manager'!E57 | E13: =IFERROR(IF('📋 Product Manager'!F57<>"",'📋 Product Manager'!F57,'📋 Product Manager'!G57),"") | F13: ='📋 Product Manager'!G57 | G13: ='📋 Product Manager'!H57 | H13: ='📋 Product Manager'!I57 | I13: ='📋 Product Manager'!J57 | J13: ='📋 Product Manager'!K57 | K13: ='📋 Product Manager'!L57 | L13: =IFERROR(IF('📋 Product Manager'!N57="","",'📋 Product Manager'!N57),"")
A14: 7 | B14: ='📋 Product Manager'!B58 | C14: ='📋 Product Manager'!D58 | D14: ='📋 Product Manager'!E58 | E14: =IFERROR(IF('📋 Product Manager'!F58<>"",'📋 Product Manager'!F58,'📋 Product Manager'!G58),"") | F14: ='📋 Product Manager'!G58 | G14: ='📋 Product Manager'!H58 | H14: ='📋 Product Manager'!I58 | I14: ='📋 Product Manager'!J58 | J14: ='📋 Product Manager'!K58 | K14: ='📋 Product Manager'!L58 | L14: =IFERROR(IF('📋 Product Manager'!N58="","",'📋 Product Manager'!N58),"")
A15: 8 | B15: ='📋 Product Manager'!B59 | C15: ='📋 Product Manager'!D59 | D15: ='📋 Product Manager'!E59 | E15: =IFERROR(IF('📋 Product Manager'!F59<>"",'📋 Product Manager'!F59,'📋 Product Manager'!G59),"") | F15: ='📋 Product Manager'!G59 | G15: ='📋 Product Manager'!H59 | H15: ='📋 Product Manager'!I59 | I15: ='📋 Product Manager'!J59 | J15: ='📋 Product Manager'!K59 | K15: ='📋 Product Manager'!L59 | L15: =IFERROR(IF('📋 Product Manager'!N59="","",'📋 Product Manager'!N59),"")
A16: 9 | B16: ='📋 Product Manager'!B60 | C16: ='📋 Product Manager'!D60 | D16: ='📋 Product Manager'!E60 | E16: =IFERROR(IF('📋 Product Manager'!F60<>"",'📋 Product Manager'!F60,'📋 Product Manager'!G60),"") | F16: ='📋 Product Manager'!G60 | G16: ='📋 Product Manager'!H60 | H16: ='📋 Product Manager'!I60 | I16: ='📋 Product Manager'!J60 | J16: ='📋 Product Manager'!K60 | K16: ='📋 Product Manager'!L60 | L16: =IFERROR(IF('📋 Product Manager'!N60="","",'📋 Product Manager'!N60),"")
A17: 10 | B17: ='📋 Product Manager'!B61 | C17: ='📋 Product Manager'!D61 | D17: ='📋 Product Manager'!E61 | E17: =IFERROR(IF('📋 Product Manager'!F61<>"",'📋 Product Manager'!F61,'📋 Product Manager'!G61),"") | F17: ='📋 Product Manager'!G61 | G17: ='📋 Product Manager'!H61 | H17: ='📋 Product Manager'!I61 | I17: ='📋 Product Manager'!J61 | J17: ='📋 Product Manager'!K61 | K17: ='📋 Product Manager'!L61 | L17: =IFERROR(IF('📋 Product Manager'!N61="","",'📋 Product Manager'!N61),"")
A18: ='📋 Product Manager'!B135
A19: =IFERROR(" Design: "&'📋 Product Manager'!H135&" · Hydro: "&'📋 Product Manager'!I135&" Kg/Cm²", "")
A20: =IFERROR(" MOC: "&'📋 Product Manager'!D135, "")
A21: 11 | B21: ='📋 Product Manager'!B135 | C21: ='📋 Product Manager'!D135 | D21: ='📋 Product Manager'!E135 | E21: =IFERROR(IF('📋 Product Manager'!F135<>"",'📋 Product Manager'!F135,'📋 Product Manager'!G135),"") | F21: ='📋 Product Manager'!G135 | G21: ='📋 Product Manager'!H135 | H21: ='📋 Product Manager'!I135 | I21: ='📋 Product Manager'!J135 | J21: ='📋 Product Manager'!K135 | K21: ='📋 Product Manager'!L135 | L21: =IFERROR(IF('📋 Product Manager'!N135="","",'📋 Product Manager'!N135),"")
A22: 12 | B22: ='📋 Product Manager'!B136 | C22: ='📋 Product Manager'!D136 | D22: ='📋 Product Manager'!E136 | E22: =IFERROR(IF('📋 Product Manager'!F136<>"",'📋 Product Manager'!F136,'📋 Product Manager'!G136),"") | F22: ='📋 Product Manager'!G136 | G22: ='📋 Product Manager'!H136 | H22: ='📋 Product Manager'!I136 | I22: ='📋 Product Manager'!J136 | J22: ='📋 Product Manager'!K136 | K22: ='📋 Product Manager'!L136 | L22: =IFERROR(IF('📋 Product Manager'!N136="","",'📋 Product Manager'!N136),"")
A23: 13 | B23: ='📋 Product Manager'!B137 | C23: ='📋 Product Manager'!D137 | D23: ='📋 Product Manager'!E137 | E23: =IFERROR(IF('📋 Product Manager'!F137<>"",'📋 Product Manager'!F137,'📋 Product Manager'!G137),"") | F23: ='📋 Product Manager'!G137 | G23: ='📋 Product Manager'!H137 | H23: ='📋 Product Manager'!I137 | I23: ='📋 Product Manager'!J137 | J23: ='📋 Product Manager'!K137 | K23: ='📋 Product Manager'!L137 | L23: =IFERROR(IF('📋 Product Manager'!N137="","",'📋 Product Manager'!N137),"")
A24: 14 | B24: ='📋 Product Manager'!B138 | C24: ='📋 Product Manager'!D138 | D24: ='📋 Product Manager'!E138 | E24: =IFERROR(IF('📋 Product Manager'!F138<>"",'📋 Product Manager'!F138,'📋 Product Manager'!G138),"") | F24: ='📋 Product Manager'!G138 | G24: ='📋 Product Manager'!H138 | H24: ='📋 Product Manager'!I138 | I24: ='📋 Product Manager'!J138 | J24: ='📋 Product Manager'!K138 | K24: ='📋 Product Manager'!L138 | L24: =IFERROR(IF('📋 Product Manager'!N138="","",'📋 Product Manager'!N138),"")
A25: 15 | B25: ='📋 Product Manager'!B139 | C25: ='📋 Product Manager'!D139 | D25: ='📋 Product Manager'!E139 | E25: =IFERROR(IF('📋 Product Manager'!F139<>"",'📋 Product Manager'!F139,'📋 Product Manager'!G139),"") | F25: ='📋 Product Manager'!G139 | G25: ='📋 Product Manager'!H139 | H25: ='📋 Product Manager'!I139 | I25: ='📋 Product Manager'!J139 | J25: ='📋 Product Manager'!K139 | K25: ='📋 Product Manager'!L139 | L25: =IFERROR(IF('📋 Product Manager'!N139="","",'📋 Product Manager'!N139),"")
A26: 16 | B26: ='📋 Product Manager'!B140 | C26: ='📋 Product Manager'!D140 | D26: ='📋 Product Manager'!E140 | E26: =IFERROR(IF('📋 Product Manager'!F140<>"",'📋 Product Manager'!F140,'📋 Product Manager'!G140),"") | F26: ='📋 Product Manager'!G140 | G26: ='📋 Product Manager'!H140 | H26: ='📋 Product Manager'!I140 | I26: ='📋 Product Manager'!J140 | J26: ='📋 Product Manager'!K140 | K26: ='📋 Product Manager'!L140 | L26: =IFERROR(IF('📋 Product Manager'!N140="","",'📋 Product Manager'!N140),"")
A27: 17 | B27: ='📋 Product Manager'!B141 | C27: ='📋 Product Manager'!D141 | D27: ='📋 Product Manager'!E141 | E27: =IFERROR(IF('📋 Product Manager'!F141<>"",'📋 Product Manager'!F141,'📋 Product Manager'!G141),"") | F27: ='📋 Product Manager'!G141 | G27: ='📋 Product Manager'!H141 | H27: ='📋 Product Manager'!I141 | I27: ='📋 Product Manager'!J141 | J27: ='📋 Product Manager'!K141 | K27: ='📋 Product Manager'!L141 | L27: =IFERROR(IF('📋 Product Manager'!N141="","",'📋 Product Manager'!N141),"")
A28: 18 | B28: ='📋 Product Manager'!B142 | C28: ='📋 Product Manager'!D142 | D28: ='📋 Product Manager'!E142 | E28: =IFERROR(IF('📋 Product Manager'!F142<>"",'📋 Product Manager'!F142,'📋 Product Manager'!G142),"") | F28: ='📋 Product Manager'!G142 | G28: ='📋 Product Manager'!H142 | H28: ='📋 Product Manager'!I142 | I28: ='📋 Product Manager'!J142 | J28: ='📋 Product Manager'!K142 | K28: ='📋 Product Manager'!L142 | L28: =IFERROR(IF('📋 Product Manager'!N142="","",'📋 Product Manager'!N142),"")
A29: 19 | B29: ='📋 Product Manager'!B143 | C29: ='📋 Product Manager'!D143 | D29: ='📋 Product Manager'!E143 | E29: =IFERROR(IF('📋 Product Manager'!F143<>"",'📋 Product Manager'!F143,'📋 Product Manager'!G143),"") | F29: ='📋 Product Manager'!G143 | G29: ='📋 Product Manager'!H143 | H29: ='📋 Product Manager'!I143 | I29: ='📋 Product Manager'!J143 | J29: ='📋 Product Manager'!K143 | K29: ='📋 Product Manager'!L143 | L29: =IFERROR(IF('📋 Product Manager'!N143="","",'📋 Product Manager'!N143),"")
A30: 20 | B30: ='📋 Product Manager'!B144 | C30: ='📋 Product Manager'!D144 | D30: ='📋 Product Manager'!E144 | E30: =IFERROR(IF('📋 Product Manager'!F144<>"",'📋 Product Manager'!F144,'📋 Product Manager'!G144),"") | F30: ='📋 Product Manager'!G144 | G30: ='📋 Product Manager'!H144 | H30: ='📋 Product Manager'!I144 | I30: ='📋 Product Manager'!J144 | J30: ='📋 Product Manager'!K144 | K30: ='📋 Product Manager'!L144 | L30: =IFERROR(IF('📋 Product Manager'!N144="","",'📋 Product Manager'!N144),"")
A31: 21 | B31: ='📋 Product Manager'!B145 | C31: ='📋 Product Manager'!D145 | D31: ='📋 Product Manager'!E145 | E31: =IFERROR(IF('📋 Product Manager'!F145<>"",'📋 Product Manager'!F145,'📋 Product Manager'!G145),"") | F31: ='📋 Product Manager'!G145 | G31: ='📋 Product Manager'!H145 | H31: ='📋 Product Manager'!I145 | I31: ='📋 Product Manager'!J145 | J31: ='📋 Product Manager'!K145 | K31: ='📋 Product Manager'!L145 | L31: =IFERROR(IF('📋 Product Manager'!N145="","",'📋 Product Manager'!N145),"")
A33: ← Back to Product Manager | E33: ← Price Summary

Sheet Safety Valves
A1: SUNFORD VALVES COMPANY · SAFETY VALVES · PRICE LIST
A2: ⚡ LIVE — All data below is formula-linked to 📋 Product Manager. Edit prices there, they update here automatically.
A4: Sr. | B4: Product Description | C4: MOC / Material | D4: Size | E4: Pressure Class | F4: End Connection | G4: Design Standard | H4: Hydro Test | I4: Unit | J4: Rate (INR) | K4: Status | L4: Remarks
A5: ='📋 Product Manager'!B62
A6: =IFERROR(" Design: "&'📋 Product Manager'!H62&" · Hydro: "&'📋 Product Manager'!I62&" Kg/Cm²", "")
A7: =IFERROR(" MOC: "&'📋 Product Manager'!D62, "")
A8: 1 | B8: ='📋 Product Manager'!B62 | C8: ='📋 Product Manager'!D62 | D8: ='📋 Product Manager'!E62 | E8: =IFERROR(IF('📋 Product Manager'!F62<>"",'📋 Product Manager'!F62,'📋 Product Manager'!G62),"") | F8: ='📋 Product Manager'!G62 | G8: ='📋 Product Manager'!H62 | H8: ='📋 Product Manager'!I62 | I8: ='📋 Product Manager'!J62 | J8: ='📋 Product Manager'!K62 | K8: ='📋 Product Manager'!L62 | L8: =IFERROR(IF('📋 Product Manager'!N62="","",'📋 Product Manager'!N62),"")
A9: 2 | B9: ='📋 Product Manager'!B63 | C9: ='📋 Product Manager'!D63 | D9: ='📋 Product Manager'!E63 | E9: =IFERROR(IF('📋 Product Manager'!F63<>"",'📋 Product Manager'!F63,'📋 Product Manager'!G63),"") | F9: ='📋 Product Manager'!G63 | G9: ='📋 Product Manager'!H63 | H9: ='📋 Product Manager'!I63 | I9: ='📋 Product Manager'!J63 | J9: ='📋 Product Manager'!K63 | K9: ='📋 Product Manager'!L63 | L9: =IFERROR(IF('📋 Product Manager'!N63="","",'📋 Product Manager'!N63),"")
A10: 3 | B10: ='📋 Product Manager'!B64 | C10: ='📋 Product Manager'!D64 | D10: ='📋 Product Manager'!E64 | E10: =IFERROR(IF('📋 Product Manager'!F64<>"",'📋 Product Manager'!F64,'📋 Product Manager'!G64),"") | F10: ='📋 Product Manager'!G64 | G10: ='📋 Product Manager'!H64 | H10: ='📋 Product Manager'!I64 | I10: ='📋 Product Manager'!J64 | J10: ='📋 Product Manager'!K64 | K10: ='📋 Product Manager'!L64 | L10: =IFERROR(IF('📋 Product Manager'!N64="","",'📋 Product Manager'!N64),"")
A11: 4 | B11: ='📋 Product Manager'!B65 | C11: ='📋 Product Manager'!D65 | D11: ='📋 Product Manager'!E65 | E11: =IFERROR(IF('📋 Product Manager'!F65<>"",'📋 Product Manager'!F65,'📋 Product Manager'!G65),"") | F11: ='📋 Product Manager'!G65 | G11: ='📋 Product Manager'!H65 | H11: ='📋 Product Manager'!I65 | I11: ='📋 Product Manager'!J65 | J11: ='📋 Product Manager'!K65 | K11: ='📋 Product Manager'!L65 | L11: =IFERROR(IF('📋 Product Manager'!N65="","",'📋 Product Manager'!N65),"")
A12: 5 | B12: ='📋 Product Manager'!B66 | C12: ='📋 Product Manager'!D66 | D12: ='📋 Product Manager'!E66 | E12: =IFERROR(IF('📋 Product Manager'!F66<>"",'📋 Product Manager'!F66,'📋 Product Manager'!G66),"") | F12: ='📋 Product Manager'!G66 | G12: ='📋 Product Manager'!H66 | H12: ='📋 Product Manager'!I66 | I12: ='📋 Product Manager'!J66 | J12: ='📋 Product Manager'!K66 | K12: ='📋 Product Manager'!L66 | L12: =IFERROR(IF('📋 Product Manager'!N66="","",'📋 Product Manager'!N66),"")
A14: ← Back to Product Manager | E14: ← Price Summary

Sheet Ball Valves
A1: SUNFORD VALVES COMPANY · BALL VALVES · PRICE LIST
A2: ⚡ LIVE — All data below is formula-linked to 📋 Product Manager. Edit prices there, they update here automatically.
A4: Sr. | B4: Product Description | C4: MOC / Material | D4: Size | E4: Pressure Class | F4: End Connection | G4: Design Standard | H4: Hydro Test | I4: Unit | J4: Rate (INR) | K4: Status | L4: Remarks
A5: ='📋 Product Manager'!B67
A6: =IFERROR(" Design: "&'📋 Product Manager'!H67&" · Hydro: "&'📋 Product Manager'!I67&" Kg/Cm²", "")
A7: =IFERROR(" MOC: "&'📋 Product Manager'!D67, "")
A8: 1 | B8: ='📋 Product Manager'!B67 | C8: ='📋 Product Manager'!D67 | D8: ='📋 Product Manager'!E67 | E8: =IFERROR(IF('📋 Product Manager'!F67<>"",'📋 Product Manager'!F67,'📋 Product Manager'!G67),"") | F8: ='📋 Product Manager'!G67 | G8: ='📋 Product Manager'!H67 | H8: ='📋 Product Manager'!I67 | I8: ='📋 Product Manager'!J67 | J8: ='📋 Product Manager'!K67 | K8: ='📋 Product Manager'!L67 | L8: =IFERROR(IF('📋 Product Manager'!N67="","",'📋 Product Manager'!N67),"")
A9: 2 | B9: ='📋 Product Manager'!B68 | C9: ='📋 Product Manager'!D68 | D9: ='📋 Product Manager'!E68 | E9: =IFERROR(IF('📋 Product Manager'!F68<>"",'📋 Product Manager'!F68,'📋 Product Manager'!G68),"") | F9: ='📋 Product Manager'!G68 | G9: ='📋 Product Manager'!H68 | H9: ='📋 Product Manager'!I68 | I9: ='📋 Product Manager'!J68 | J9: ='📋 Product Manager'!K68 | K9: ='📋 Product Manager'!L68 | L9: =IFERROR(IF('📋 Product Manager'!N68="","",'📋 Product Manager'!N68),"")
A10: 3 | B10: ='📋 Product Manager'!B69 | C10: ='📋 Product Manager'!D69 | D10: ='📋 Product Manager'!E69 | E10: =IFERROR(IF('📋 Product Manager'!F69<>"",'📋 Product Manager'!F69,'📋 Product Manager'!G69),"") | F10: ='📋 Product Manager'!G69 | G10: ='📋 Product Manager'!H69 | H10: ='📋 Product Manager'!I69 | I10: ='📋 Product Manager'!J69 | J10: ='📋 Product Manager'!K69 | K10: ='📋 Product Manager'!L69 | L10: =IFERROR(IF('📋 Product Manager'!N69="","",'📋 Product Manager'!N69),"")
A11: 4 | B11: ='📋 Product Manager'!B70 | C11: ='📋 Product Manager'!D70 | D11: ='📋 Product Manager'!E70 | E11: =IFERROR(IF('📋 Product Manager'!F70<>"",'📋 Product Manager'!F70,'📋 Product Manager'!G70),"") | F11: ='📋 Product Manager'!G70 | G11: ='📋 Product Manager'!H70 | H11: ='📋 Product Manager'!I70 | I11: ='📋 Product Manager'!J70 | J11: ='📋 Product Manager'!K70 | K11: ='📋 Product Manager'!L70 | L11: =IFERROR(IF('📋 Product Manager'!N70="","",'📋 Product Manager'!N70),"")
A12: 5 | B12: ='📋 Product Manager'!B71 | C12: ='📋 Product Manager'!D71 | D12: ='📋 Product Manager'!E71 | E12: =IFERROR(IF('📋 Product Manager'!F71<>"",'📋 Product Manager'!F71,'📋 Product Manager'!G71),"") | F12: ='📋 Product Manager'!G71 | G12: ='📋 Product Manager'!H71 | H12: ='📋 Product Manager'!I71 | I12: ='📋 Product Manager'!J71 | J12: ='📋 Product Manager'!K71 | K12: ='📋 Product Manager'!L71 | L12: =IFERROR(IF('📋 Product Manager'!N71="","",'📋 Product Manager'!N71),"")
A13: 6 | B13: ='📋 Product Manager'!B72 | C13: ='📋 Product Manager'!D72 | D13: ='📋 Product Manager'!E72 | E13: =IFERROR(IF('📋 Product Manager'!F72<>"",'📋 Product Manager'!F72,'📋 Product Manager'!G72),"") | F13: ='📋 Product Manager'!G72 | G13: ='📋 Product Manager'!H72 | H13: ='📋 Product Manager'!I72 | I13: ='📋 Product Manager'!J72 | J13: ='📋 Product Manager'!K72 | K13: ='📋 Product Manager'!L72 | L13: =IFERROR(IF('📋 Product Manager'!N72="","",'📋 Product Manager'!N72),"")
A14: 7 | B14: ='📋 Product Manager'!B73 | C14: ='📋 Product Manager'!D73 | D14: ='📋 Product Manager'!E73 | E14: =IFERROR(IF('📋 Product Manager'!F73<>"",'📋 Product Manager'!F73,'📋 Product Manager'!G73),"") | F14: ='📋 Product Manager'!G73 | G14: ='📋 Product Manager'!H73 | H14: ='📋 Product Manager'!I73 | I14: ='📋 Product Manager'!J73 | J14: ='📋 Product Manager'!K73 | K14: ='📋 Product Manager'!L73 | L14: =IFERROR(IF('📋 Product Manager'!N73="","",'📋 Product Manager'!N73),"")
A15: 8 | B15: ='📋 Product Manager'!B74 | C15: ='📋 Product Manager'!D74 | D15: ='📋 Product Manager'!E74 | E15: =IFERROR(IF('📋 Product Manager'!F74<>"",'📋 Product Manager'!F74,'📋 Product Manager'!G74),"") | F15: ='📋 Product Manager'!G74 | G15: ='📋 Product Manager'!H74 | H15: ='📋 Product Manager'!I74 | I15: ='📋 Product Manager'!J74 | J15: ='📋 Product Manager'!K74 | K15: ='📋 Product Manager'!L74 | L15: =IFERROR(IF('📋 Product Manager'!N74="","",'📋 Product Manager'!N74),"")
A16: 9 | B16: ='📋 Product Manager'!B75 | C16: ='📋 Product Manager'!D75 | D16: ='📋 Product Manager'!E75 | E16: =IFERROR(IF('📋 Product Manager'!F75<>"",'📋 Product Manager'!F75,'📋 Product Manager'!G75),"") | F16: ='📋 Product Manager'!G75 | G16: ='📋 Product Manager'!H75 | H16: ='📋 Product Manager'!I75 | I16: ='📋 Product Manager'!J75 | J16: ='📋 Product Manager'!K75 | K16: ='📋 Product Manager'!L75 | L16: =IFERROR(IF('📋 Product Manager'!N75="","",'📋 Product Manager'!N75),"")
A17: 10 | B17: ='📋 Product Manager'!B76 | C17: ='📋 Product Manager'!D76 | D17: ='📋 Product Manager'!E76 | E17: =IFERROR(IF('📋 Product Manager'!F76<>"",'📋 Product Manager'!F76,'📋 Product Manager'!G76),"") | F17: ='📋 Product Manager'!G76 | G17: ='📋 Product Manager'!H76 | H17: ='📋 Product Manager'!I76 | I17: ='📋 Product Manager'!J76 | J17: ='📋 Product Manager'!K76 | K17: ='📋 Product Manager'!L76 | L17: =IFERROR(IF('📋 Product Manager'!N76="","",'📋 Product Manager'!N76),"")
A18: 11 | B18: ='📋 Product Manager'!B77 | C18: ='📋 Product Manager'!D77 | D18: ='📋 Product Manager'!E77 | E18: =IFERROR(IF('📋 Product Manager'!F77<>"",'📋 Product Manager'!F77,'📋 Product Manager'!G77),"") | F18: ='📋 Product Manager'!G77 | G18: ='📋 Product Manager'!H77 | H18: ='📋 Product Manager'!I77 | I18: ='📋 Product Manager'!J77 | J18: ='📋 Product Manager'!K77 | K18: ='📋 Product Manager'!L77 | L18: =IFERROR(IF('📋 Product Manager'!N77="","",'📋 Product Manager'!N77),"")
A19: =IFERROR(" MOC: "&'📋 Product Manager'!D78, "")
A20: 12 | B20: ='📋 Product Manager'!B78 | C20: ='📋 Product Manager'!D78 | D20: ='📋 Product Manager'!E78 | E20: =IFERROR(IF('📋 Product Manager'!F78<>"",'📋 Product Manager'!F78,'📋 Product Manager'!G78),"") | F20: ='📋 Product Manager'!G78 | G20: ='📋 Product Manager'!H78 | H20: ='📋 Product Manager'!I78 | I20: ='📋 Product Manager'!J78 | J20: ='📋 Product Manager'!K78 | K20: ='📋 Product Manager'!L78 | L20: =IFERROR(IF('📋 Product Manager'!N78="","",'📋 Product Manager'!N78),"")
A21: 13 | B21: ='📋 Product Manager'!B79 | C21: ='📋 Product Manager'!D79 | D21: ='📋 Product Manager'!E79 | E21: =IFERROR(IF('📋 Product Manager'!F79<>"",'📋 Product Manager'!F79,'📋 Product Manager'!G79),"") | F21: ='📋 Product Manager'!G79 | G21: ='📋 Product Manager'!H79 | H21: ='📋 Product Manager'!I79 | I21: ='📋 Product Manager'!J79 | J21: ='📋 Product Manager'!K79 | K21: ='📋 Product Manager'!L79 | L21: =IFERROR(IF('📋 Product Manager'!N79="","",'📋 Product Manager'!N79),"")
A22: 14 | B22: ='📋 Product Manager'!B80 | C22: ='📋 Product Manager'!D80 | D22: ='📋 Product Manager'!E80 | E22: =IFERROR(IF('📋 Product Manager'!F80<>"",'📋 Product Manager'!F80,'📋 Product Manager'!G80),"") | F22: ='📋 Product Manager'!G80 | G22: ='📋 Product Manager'!H80 | H22: ='📋 Product Manager'!I80 | I22: ='📋 Product Manager'!J80 | J22: ='📋 Product Manager'!K80 | K22: ='📋 Product Manager'!L80 | L22: =IFERROR(IF('📋 Product Manager'!N80="","",'📋 Product Manager'!N80),"")
A23: 15 | B23: ='📋 Product Manager'!B81 | C23: ='📋 Product Manager'!D81 | D23: ='📋 Product Manager'!E81 | E23: =IFERROR(IF('📋 Product Manager'!F81<>"",'📋 Product Manager'!F81,'📋 Product Manager'!G81),"") | F23: ='📋 Product Manager'!G81 | G23: ='📋 Product Manager'!H81 | H23: ='📋 Product Manager'!I81 | I23: ='📋 Product Manager'!J81 | J23: ='📋 Product Manager'!K81 | K23: ='📋 Product Manager'!L81 | L23: =IFERROR(IF('📋 Product Manager'!N81="","",'📋 Product Manager'!N81),"")
A24: 16 | B24: ='📋 Product Manager'!B82 | C24: ='📋 Product Manager'!D82 | D24: ='📋 Product Manager'!E82 | E24: =IFERROR(IF('📋 Product Manager'!F82<>"",'📋 Product Manager'!F82,'📋 Product Manager'!G82),"") | F24: ='📋 Product Manager'!G82 | G24: ='📋 Product Manager'!H82 | H24: ='📋 Product Manager'!I82 | I24: ='📋 Product Manager'!J82 | J24: ='📋 Product Manager'!K82 | K24: ='📋 Product Manager'!L82 | L24: =IFERROR(IF('📋 Product Manager'!N82="","",'📋 Product Manager'!N82),"")
A25: 17 | B25: ='📋 Product Manager'!B83 | C25: ='📋 Product Manager'!D83 | D25: ='📋 Product Manager'!E83 | E25: =IFERROR(IF('📋 Product Manager'!F83<>"",'📋 Product Manager'!F83,'📋 Product Manager'!G83),"") | F25: ='📋 Product Manager'!G83 | G25: ='📋 Product Manager'!H83 | H25: ='📋 Product Manager'!I83 | I25: ='📋 Product Manager'!J83 | J25: ='📋 Product Manager'!K83 | K25: ='📋 Product Manager'!L83 | L25: =IFERROR(IF('📋 Product Manager'!N83="","",'📋 Product Manager'!N83),"")
A26: 18 | B26: ='📋 Product Manager'!B84 | C26: ='📋 Product Manager'!D84 | D26: ='📋 Product Manager'!E84 | E26: =IFERROR(IF('📋 Product Manager'!F84<>"",'📋 Product Manager'!F84,'📋 Product Manager'!G84),"") | F26: ='📋 Product Manager'!G84 | G26: ='📋 Product Manager'!H84 | H26: ='📋 Product Manager'!I84 | I26: ='📋 Product Manager'!J84 | J26: ='📋 Product Manager'!K84 | K26: ='📋 Product Manager'!L84 | L26: =IFERROR(IF('📋 Product Manager'!N84="","",'📋 Product Manager'!N84),"")
A27: 19 | B27: ='📋 Product Manager'!B85 | C27: ='📋 Product Manager'!D85 | D27: ='📋 Product Manager'!E85 | E27: =IFERROR(IF('📋 Product Manager'!F85<>"",'📋 Product Manager'!F85,'📋 Product Manager'!G85),"") | F27: ='📋 Product Manager'!G85 | G27: ='📋 Product Manager'!H85 | H27: ='📋 Product Manager'!I85 | I27: ='📋 Product Manager'!J85 | J27: ='📋 Product Manager'!K85 | K27: ='📋 Product Manager'!L85 | L27: =IFERROR(IF('📋 Product Manager'!N85="","",'📋 Product Manager'!N85),"")
A28: 20 | B28: ='📋 Product Manager'!B86 | C28: ='📋 Product Manager'!D86 | D28: ='📋 Product Manager'!E86 | E28: =IFERROR(IF('📋 Product Manager'!F86<>"",'📋 Product Manager'!F86,'📋 Product Manager'!G86),"") | F28: ='📋 Product Manager'!G86 | G28: ='📋 Product Manager'!H86 | H28: ='📋 Product Manager'!I86 | I28: ='📋 Product Manager'!J86 | J28: ='📋 Product Manager'!K86 | K28: ='📋 Product Manager'!L86 | L28: =IFERROR(IF('📋 Product Manager'!N86="","",'📋 Product Manager'!N86),"")
A29: 21 | B29: ='📋 Product Manager'!B87 | C29: ='📋 Product Manager'!D87 | D29: ='📋 Product Manager'!E87 | E29: =IFERROR(IF('📋 Product Manager'!F87<>"",'📋 Product Manager'!F87,'📋 Product Manager'!G87),"") | F29: ='📋 Product Manager'!G87 | G29: ='📋 Product Manager'!H87 | H29: ='📋 Product Manager'!I87 | I29: ='📋 Product Manager'!J87 | J29: ='📋 Product Manager'!K87 | K29: ='📋 Product Manager'!L87 | L29: =IFERROR(IF('📋 Product Manager'!N87="","",'📋 Product Manager'!N87),"")
A30: 22 | B30: ='📋 Product Manager'!B88 | C30: ='📋 Product Manager'!D88 | D30: ='📋 Product Manager'!E88 | E30: =IFERROR(IF('📋 Product Manager'!F88<>"",'📋 Product Manager'!F88,'📋 Product Manager'!G88),"") | F30: ='📋 Product Manager'!G88 | G30: ='📋 Product Manager'!H88 | H30: ='📋 Product Manager'!I88 | I30: ='📋 Product Manager'!J88 | J30: ='📋 Product Manager'!K88 | K30: ='📋 Product Manager'!L88 | L30: =IFERROR(IF('📋 Product Manager'!N88="","",'📋 Product Manager'!N88),"")
A31: ='📋 Product Manager'!B89
A32: =IFERROR(" Design: "&'📋 Product Manager'!H89&" · Hydro: "&'📋 Product Manager'!I89&" Kg/Cm²", "")
A33: =IFERROR(" MOC: "&'📋 Product Manager'!D89, "")
A34: 23 | B34: ='📋 Product Manager'!B89 | C34: ='📋 Product Manager'!D89 | D34: ='📋 Product Manager'!E89 | E34: =IFERROR(IF('📋 Product Manager'!F89<>"",'📋 Product Manager'!F89,'📋 Product Manager'!G89),"") | F34: ='📋 Product Manager'!G89 | G34: ='📋 Product Manager'!H89 | H34: ='📋 Product Manager'!I89 | I34: ='📋 Product Manager'!J89 | J34: ='📋 Product Manager'!K89 | K34: ='📋 Product Manager'!L89 | L34: =IFERROR(IF('📋 Product Manager'!N89="","",'📋 Product Manager'!N89),"")
A35: 24 | B35: ='📋 Product Manager'!B90 | C35: ='📋 Product Manager'!D90 | D35: ='📋 Product Manager'!E90 | E35: =IFERROR(IF('📋 Product Manager'!F90<>"",'📋 Product Manager'!F90,'📋 Product Manager'!G90),"") | F35: ='📋 Product Manager'!G90 | G35: ='📋 Product Manager'!H90 | H35: ='📋 Product Manager'!I90 | I35: ='📋 Product Manager'!J90 | J35: ='📋 Product Manager'!K90 | K35: ='📋 Product Manager'!L90 | L35: =IFERROR(IF('📋 Product Manager'!N90="","",'📋 Product Manager'!N90),"")
A36: 25 | B36: ='📋 Product Manager'!B91 | C36: ='📋 Product Manager'!D91 | D36: ='📋 Product Manager'!E91 | E36: =IFERROR(IF('📋 Product Manager'!F91<>"",'📋 Product Manager'!F91,'📋 Product Manager'!G91),"") | F36: ='📋 Product Manager'!G91 | G36: ='📋 Product Manager'!H91 | H36: ='📋 Product Manager'!I91 | I36: ='📋 Product Manager'!J91 | J36: ='📋 Product Manager'!K91 | K36: ='📋 Product Manager'!L91 | L36: =IFERROR(IF('📋 Product Manager'!N91="","",'📋 Product Manager'!N91),"")
A37: 26 | B37: ='📋 Product Manager'!B92 | C37: ='📋 Product Manager'!D92 | D37: ='📋 Product Manager'!E92 | E37: =IFERROR(IF('📋 Product Manager'!F92<>"",'📋 Product Manager'!F92,'📋 Product Manager'!G92),"") | F37: ='📋 Product Manager'!G92 | G37: ='📋 Product Manager'!H92 | H37: ='📋 Product Manager'!I92 | I37: ='📋 Product Manager'!J92 | J37: ='📋 Product Manager'!K92 | K37: ='📋 Product Manager'!L92 | L37: =IFERROR(IF('📋 Product Manager'!N92="","",'📋 Product Manager'!N92),"")
A38: 27 | B38: ='📋 Product Manager'!B93 | C38: ='📋 Product Manager'!D93 | D38: ='📋 Product Manager'!E93 | E38: =IFERROR(IF('📋 Product Manager'!F93<>"",'📋 Product Manager'!F93,'📋 Product Manager'!G93),"") | F38: ='📋 Product Manager'!G93 | G38: ='📋 Product Manager'!H93 | H38: ='📋 Product Manager'!I93 | I38: ='📋 Product Manager'!J93 | J38: ='📋 Product Manager'!K93 | K38: ='📋 Product Manager'!L93 | L38: =IFERROR(IF('📋 Product Manager'!N93="","",'📋 Product Manager'!N93),"")
A39: 28 | B39: ='📋 Product Manager'!B94 | C39: ='📋 Product Manager'!D94 | D39: ='📋 Product Manager'!E94 | E39: =IFERROR(IF('📋 Product Manager'!F94<>"",'📋 Product Manager'!F94,'📋 Product Manager'!G94),"") | F39: ='📋 Product Manager'!G94 | G39: ='📋 Product Manager'!H94 | H39: ='📋 Product Manager'!I94 | I39: ='📋 Product Manager'!J94 | J39: ='📋 Product Manager'!K94 | K39: ='📋 Product Manager'!L94 | L39: =IFERROR(IF('📋 Product Manager'!N94="","",'📋 Product Manager'!N94),"")
A40: 29 | B40: ='📋 Product Manager'!B95 | C40: ='📋 Product Manager'!D95 | D40: ='📋 Product Manager'!E95 | E40: =IFERROR(IF('📋 Product Manager'!F95<>"",'📋 Product Manager'!F95,'📋 Product Manager'!G95),"") | F40: ='📋 Product Manager'!G95 | G40: ='📋 Product Manager'!H95 | H40: ='📋 Product Manager'!I95 | I40: ='📋 Product Manager'!J95 | J40: ='📋 Product Manager'!K95 | K40: ='📋 Product Manager'!L95 | L40: =IFERROR(IF('📋 Product Manager'!N95="","",'📋 Product Manager'!N95),"")
A41: 30 | B41: ='📋 Product Manager'!B96 | C41: ='📋 Product Manager'!D96 | D41: ='📋 Product Manager'!E96 | E41: =IFERROR(IF('📋 Product Manager'!F96<>"",'📋 Product Manager'!F96,'📋 Product Manager'!G96),"") | F41: ='📋 Product Manager'!G96 | G41: ='📋 Product Manager'!H96 | H41: ='📋 Product Manager'!I96 | I41: ='📋 Product Manager'!J96 | J41: ='📋 Product Manager'!K96 | K41: ='📋 Product Manager'!L96 | L41: =IFERROR(IF('📋 Product Manager'!N96="","",'📋 Product Manager'!N96),"")
A42: 31 | B42: ='📋 Product Manager'!B97 | C42: ='📋 Product Manager'!D97 | D42: ='📋 Product Manager'!E97 | E42: =IFERROR(IF('📋 Product Manager'!F97<>"",'📋 Product Manager'!F97,'📋 Product Manager'!G97),"") | F42: ='📋 Product Manager'!G97 | G42: ='📋 Product Manager'!H97 | H42: ='📋 Product Manager'!I97 | I42: ='📋 Product Manager'!J97 | J42: ='📋 Product Manager'!K97 | K42: ='📋 Product Manager'!L97 | L42: =IFERROR(IF('📋 Product Manager'!N97="","",'📋 Product Manager'!N97),"")
A43: 32 | B43: ='📋 Product Manager'!B98 | C43: ='📋 Product Manager'!D98 | D43: ='📋 Product Manager'!E98 | E43: =IFERROR(IF('📋 Product Manager'!F98<>"",'📋 Product Manager'!F98,'📋 Product Manager'!G98),"") | F43: ='📋 Product Manager'!G98 | G43: ='📋 Product Manager'!H98 | H43: ='📋 Product Manager'!I98 | I43: ='📋 Product Manager'!J98 | J43: ='📋 Product Manager'!K98 | K43: ='📋 Product Manager'!L98 | L43: =IFERROR(IF('📋 Product Manager'!N98="","",'📋 Product Manager'!N98),"")
A44: =IFERROR(" MOC: "&'📋 Product Manager'!D99, "")
A45: 33 | B45: ='📋 Product Manager'!B99 | C45: ='📋 Product Manager'!D99 | D45: ='📋 Product Manager'!E99 | E45: =IFERROR(IF('📋 Product Manager'!F99<>"",'📋 Product Manager'!F99,'📋 Product Manager'!G99),"") | F45: ='📋 Product Manager'!G99 | G45: ='📋 Product Manager'!H99 | H45: ='📋 Product Manager'!I99 | I45: ='📋 Product Manager'!J99 | J45: ='📋 Product Manager'!K99 | K45: ='📋 Product Manager'!L99 | L45: =IFERROR(IF('📋 Product Manager'!N99="","",'📋 Product Manager'!N99),"")
A46: 34 | B46: ='📋 Product Manager'!B100 | C46: ='📋 Product Manager'!D100 | D46: ='📋 Product Manager'!E100 | E46: =IFERROR(IF('📋 Product Manager'!F100<>"",'📋 Product Manager'!F100,'📋 Product Manager'!G100),"") | F46: ='📋 Product Manager'!G100 | G46: ='📋 Product Manager'!H100 | H46: ='📋 Product Manager'!I100 | I46: ='📋 Product Manager'!J100 | J46: ='📋 Product Manager'!K100 | K46: ='📋 Product Manager'!L100 | L46: =IFERROR(IF('📋 Product Manager'!N100="","",'📋 Product Manager'!N100),"")
A47: 35 | B47: ='📋 Product Manager'!B101 | C47: ='📋 Product Manager'!D101 | D47: ='📋 Product Manager'!E101 | E47: =IFERROR(IF('📋 Product Manager'!F101<>"",'📋 Product Manager'!F101,'📋 Product Manager'!G101),"") | F47: ='📋 Product Manager'!G101 | G47: ='📋 Product Manager'!H101 | H47: ='📋 Product Manager'!I101 | I47: ='📋 Product Manager'!J101 | J47: ='📋 Product Manager'!K101 | K47: ='📋 Product Manager'!L101 | L47: =IFERROR(IF('📋 Product Manager'!N101="","",'📋 Product Manager'!N101),"")
A48: 36 | B48: ='📋 Product Manager'!B102 | C48: ='📋 Product Manager'!D102 | D48: ='📋 Product Manager'!E102 | E48: =IFERROR(IF('📋 Product Manager'!F102<>"",'📋 Product Manager'!F102,'📋 Product Manager'!G102),"") | F48: ='📋 Product Manager'!G102 | G48: ='📋 Product Manager'!H102 | H48: ='📋 Product Manager'!I102 | I48: ='📋 Product Manager'!J102 | J48: ='📋 Product Manager'!K102 | K48: ='📋 Product Manager'!L102 | L48: =IFERROR(IF('📋 Product Manager'!N102="","",'📋 Product Manager'!N102),"")
A49: 37 | B49: ='📋 Product Manager'!B103 | C49: ='📋 Product Manager'!D103 | D49: ='📋 Product Manager'!E103 | E49: =IFERROR(IF('📋 Product Manager'!F103<>"",'📋 Product Manager'!F103,'📋 Product Manager'!G103),"") | F49: ='📋 Product Manager'!G103 | G49: ='📋 Product Manager'!H103 | H49: ='📋 Product Manager'!I103 | I49: ='📋 Product Manager'!J103 | J49: ='📋 Product Manager'!K103 | K49: ='📋 Product Manager'!L103 | L49: =IFERROR(IF('📋 Product Manager'!N103="","",'📋 Product Manager'!N103),"")
A50: 38 | B50: ='📋 Product Manager'!B104 | C50: ='📋 Product Manager'!D104 | D50: ='📋 Product Manager'!E104 | E50: =IFERROR(IF('📋 Product Manager'!F104<>"",'📋 Product Manager'!F104,'📋 Product Manager'!G104),"") | F50: ='📋 Product Manager'!G104 | G50: ='📋 Product Manager'!H104 | H50: ='📋 Product Manager'!I104 | I50: ='📋 Product Manager'!J104 | J50: ='📋 Product Manager'!K104 | K50: ='📋 Product Manager'!L104 | L50: =IFERROR(IF('📋 Product Manager'!N104="","",'📋 Product Manager'!N104),"")
A51: 39 | B51: ='📋 Product Manager'!B105 | C51: ='📋 Product Manager'!D105 | D51: ='📋 Product Manager'!E105 | E51: =IFERROR(IF('📋 Product Manager'!F105<>"",'📋 Product Manager'!F105,'📋 Product Manager'!G105),"") | F51: ='📋 Product Manager'!G105 | G51: ='📋 Product Manager'!H105 | H51: ='📋 Product Manager'!I105 | I51: ='📋 Product Manager'!J105 | J51: ='📋 Product Manager'!K105 | K51: ='📋 Product Manager'!L105 | L51: =IFERROR(IF('📋 Product Manager'!N105="","",'📋 Product Manager'!N105),"")
A52: 40 | B52: ='📋 Product Manager'!B106 | C52: ='📋 Product Manager'!D106 | D52: ='📋 Product Manager'!E106 | E52: =IFERROR(IF('📋 Product Manager'!F106<>"",'📋 Product Manager'!F106,'📋 Product Manager'!G106),"") | F52: ='📋 Product Manager'!G106 | G52: ='📋 Product Manager'!H106 | H52: ='📋 Product Manager'!I106 | I52: ='📋 Product Manager'!J106 | J52: ='📋 Product Manager'!K106 | K52: ='📋 Product Manager'!L106 | L52: =IFERROR(IF('📋 Product Manager'!N106="","",'📋 Product Manager'!N106),"")
A53: 41 | B53: ='📋 Product Manager'!B107 | C53: ='📋 Product Manager'!D107 | D53: ='📋 Product Manager'!E107 | E53: =IFERROR(IF('📋 Product Manager'!F107<>"",'📋 Product Manager'!F107,'📋 Product Manager'!G107),"") | F53: ='📋 Product Manager'!G107 | G53: ='📋 Product Manager'!H107 | H53: ='📋 Product Manager'!I107 | I53: ='📋 Product Manager'!J107 | J53: ='📋 Product Manager'!K107 | K53: ='📋 Product Manager'!L107 | L53: =IFERROR(IF('📋 Product Manager'!N107="","",'📋 Product Manager'!N107),"")
A54: 42 | B54: ='📋 Product Manager'!B108 | C54: ='📋 Product Manager'!D108 | D54: ='📋 Product Manager'!E108 | E54: =IFERROR(IF('📋 Product Manager'!F108<>"",'📋 Product Manager'!F108,'📋 Product Manager'!G108),"") | F54: ='📋 Product Manager'!G108 | G54: ='📋 Product Manager'!H108 | H54: ='📋 Product Manager'!I108 | I54: ='📋 Product Manager'!J108 | J54: ='📋 Product Manager'!K108 | K54: ='📋 Product Manager'!L108 | L54: =IFERROR(IF('📋 Product Manager'!N108="","",'📋 Product Manager'!N108),"")
A55: ='📋 Product Manager'!B109
A56: =IFERROR(" Design: "&'📋 Product Manager'!H109&" · Hydro: "&'📋 Product Manager'!I109&" Kg/Cm²", "")
A57: =IFERROR(" MOC: "&'📋 Product Manager'!D109, "")
A58: 43 | B58: ='📋 Product Manager'!B109 | C58: ='📋 Product Manager'!D109 | D58: ='📋 Product Manager'!E109 | E58: =IFERROR(IF('📋 Product Manager'!F109<>"",'📋 Product Manager'!F109,'📋 Product Manager'!G109),"") | F58: ='📋 Product Manager'!G109 | G58: ='📋 Product Manager'!H109 | H58: ='📋 Product Manager'!I109 | I58: ='📋 Product Manager'!J109 | J58: ='📋 Product Manager'!K109 | K58: ='📋 Product Manager'!L109 | L58: =IFERROR(IF('📋 Product Manager'!N109="","",'📋 Product Manager'!N109),"")
A59: 44 | B59: ='📋 Product Manager'!B110 | C59: ='📋 Product Manager'!D110 | D59: ='📋 Product Manager'!E110 | E59: =IFERROR(IF('📋 Product Manager'!F110<>"",'📋 Product Manager'!F110,'📋 Product Manager'!G110),"") | F59: ='📋 Product Manager'!G110 | G59: ='📋 Product Manager'!H110 | H59: ='📋 Product Manager'!I110 | I59: ='📋 Product Manager'!J110 | J59: ='📋 Product Manager'!K110 | K59: ='📋 Product Manager'!L110 | L59: =IFERROR(IF('📋 Product Manager'!N110="","",'📋 Product Manager'!N110),"")
A60: 45 | B60: ='📋 Product Manager'!B111 | C60: ='📋 Product Manager'!D111 | D60: ='📋 Product Manager'!E111 | E60: =IFERROR(IF('📋 Product Manager'!F111<>"",'📋 Product Manager'!F111,'📋 Product Manager'!G111),"") | F60: ='📋 Product Manager'!G111 | G60: ='📋 Product Manager'!H111 | H60: ='📋 Product Manager'!I111 | I60: ='📋 Product Manager'!J111 | J60: ='📋 Product Manager'!K111 | K60: ='📋 Product Manager'!L111 | L60: =IFERROR(IF('📋 Product Manager'!N111="","",'📋 Product Manager'!N111),"")
A61: 46 | B61: ='📋 Product Manager'!B112 | C61: ='📋 Product Manager'!D112 | D61: ='📋 Product Manager'!E112 | E61: =IFERROR(IF('📋 Product Manager'!F112<>"",'📋 Product Manager'!F112,'📋 Product Manager'!G112),"") | F61: ='📋 Product Manager'!G112 | G61: ='📋 Product Manager'!H112 | H61: ='📋 Product Manager'!I112 | I61: ='📋 Product Manager'!J112 | J61: ='📋 Product Manager'!K112 | K61: ='📋 Product Manager'!L112 | L61: =IFERROR(IF('📋 Product Manager'!N112="","",'📋 Product Manager'!N112),"")
A62: 47 | B62: ='📋 Product Manager'!B113 | C62: ='📋 Product Manager'!D113 | D62: ='📋 Product Manager'!E113 | E62: =IFERROR(IF('📋 Product Manager'!F113<>"",'📋 Product Manager'!F113,'📋 Product Manager'!G113),"") | F62: ='📋 Product Manager'!G113 | G62: ='📋 Product Manager'!H113 | H62: ='📋 Product Manager'!I113 | I62: ='📋 Product Manager'!J113 | J62: ='📋 Product Manager'!K113 | K62: ='📋 Product Manager'!L113 | L62: =IFERROR(IF('📋 Product Manager'!N113="","",'📋 Product Manager'!N113),"")
A63: =IFERROR(" MOC: "&'📋 Product Manager'!D114, "")
A64: 48 | B64: ='📋 Product Manager'!B114 | C64: ='📋 Product Manager'!D114 | D64: ='📋 Product Manager'!E114 | E64: =IFERROR(IF('📋 Product Manager'!F114<>"",'📋 Product Manager'!F114,'📋 Product Manager'!G114),"") | F64: ='📋 Product Manager'!G114 | G64: ='📋 Product Manager'!H114 | H64: ='📋 Product Manager'!I114 | I64: ='📋 Product Manager'!J114 | J64: ='📋 Product Manager'!K114 | K64: ='📋 Product Manager'!L114 | L64: =IFERROR(IF('📋 Product Manager'!N114="","",'📋 Product Manager'!N114),"")
A65: 49 | B65: ='📋 Product Manager'!B115 | C65: ='📋 Product Manager'!D115 | D65: ='📋 Product Manager'!E115 | E65: =IFERROR(IF('📋 Product Manager'!F115<>"",'📋 Product Manager'!F115,'📋 Product Manager'!G115),"") | F65: ='📋 Product Manager'!G115 | G65: ='📋 Product Manager'!H115 | H65: ='📋 Product Manager'!I115 | I65: ='📋 Product Manager'!J115 | J65: ='📋 Product Manager'!K115 | K65: ='📋 Product Manager'!L115 | L65: =IFERROR(IF('📋 Product Manager'!N115="","",'📋 Product Manager'!N115),"")
A66: 50 | B66: ='📋 Product Manager'!B116 | C66: ='📋 Product Manager'!D116 | D66: ='📋 Product Manager'!E116 | E66: =IFERROR(IF('📋 Product Manager'!F116<>"",'📋 Product Manager'!F116,'📋 Product Manager'!G116),"") | F66: ='📋 Product Manager'!G116 | G66: ='📋 Product Manager'!H116 | H66: ='📋 Product Manager'!I116 | I66: ='📋 Product Manager'!J116 | J66: ='📋 Product Manager'!K116 | K66: ='📋 Product Manager'!L116 | L66: =IFERROR(IF('📋 Product Manager'!N116="","",'📋 Product Manager'!N116),"")
A67: 51 | B67: ='📋 Product Manager'!B117 | C67: ='📋 Product Manager'!D117 | D67: ='📋 Product Manager'!E117 | E67: =IFERROR(IF('📋 Product Manager'!F117<>"",'📋 Product Manager'!F117,'📋 Product Manager'!G117),"") | F67: ='📋 Product Manager'!G117 | G67: ='📋 Product Manager'!H117 | H67: ='📋 Product Manager'!I117 | I67: ='📋 Product Manager'!J117 | J67: ='📋 Product Manager'!K117 | K67: ='📋 Product Manager'!L117 | L67: =IFERROR(IF('📋 Product Manager'!N117="","",'📋 Product Manager'!N117),"")
A68: 52 | B68: ='📋 Product Manager'!B118 | C68: ='📋 Product Manager'!D118 | D68: ='📋 Product Manager'!E118 | E68: =IFERROR(IF('📋 Product Manager'!F118<>"",'📋 Product Manager'!F118,'📋 Product Manager'!G118),"") | F68: ='📋 Product Manager'!G118 | G68: ='📋 Product Manager'!H118 | H68: ='📋 Product Manager'!I118 | I68: ='📋 Product Manager'!J118 | J68: ='📋 Product Manager'!K118 | K68: ='📋 Product Manager'!L118 | L68: =IFERROR(IF('📋 Product Manager'!N118="","",'📋 Product Manager'!N118),"")
A69: ='📋 Product Manager'!B119
A70: =IFERROR(" Design: "&'📋 Product Manager'!H119&" · Hydro: "&'📋 Product Manager'!I119&" Kg/Cm²", "")
A71: =IFERROR(" MOC: "&'📋 Product Manager'!D119, "")
A72: 53 | B72: ='📋 Product Manager'!B119 | C72: ='📋 Product Manager'!D119 | D72: ='📋 Product Manager'!E119 | E72: =IFERROR(IF('📋 Product Manager'!F119<>"",'📋 Product Manager'!F119,'📋 Product Manager'!G119),"") | F72: ='📋 Product Manager'!G119 | G72: ='📋 Product Manager'!H119 | H72: ='📋 Product Manager'!I119 | I72: ='📋 Product Manager'!J119 | J72: ='📋 Product Manager'!K119 | K72: ='📋 Product Manager'!L119 | L72: =IFERROR(IF('📋 Product Manager'!N119="","",'📋 Product Manager'!N119),"")
A73: 54 | B73: ='📋 Product Manager'!B120 | C73: ='📋 Product Manager'!D120 | D73: ='📋 Product Manager'!E120 | E73: =IFERROR(IF('📋 Product Manager'!F120<>"",'📋 Product Manager'!F120,'📋 Product Manager'!G120),"") | F73: ='📋 Product Manager'!G120 | G73: ='📋 Product Manager'!H120 | H73: ='📋 Product Manager'!I120 | I73: ='📋 Product Manager'!J120 | J73: ='📋 Product Manager'!K120 | K73: ='📋 Product Manager'!L120 | L73: =IFERROR(IF('📋 Product Manager'!N120="","",'📋 Product Manager'!N120),"")
A74: 55 | B74: ='📋 Product Manager'!B121 | C74: ='📋 Product Manager'!D121 | D74: ='📋 Product Manager'!E121 | E74: =IFERROR(IF('📋 Product Manager'!F121<>"",'📋 Product Manager'!F121,'📋 Product Manager'!G121),"") | F74: ='📋 Product Manager'!G121 | G74: ='📋 Product Manager'!H121 | H74: ='📋 Product Manager'!I121 | I74: ='📋 Product Manager'!J121 | J74: ='📋 Product Manager'!K121 | K74: ='📋 Product Manager'!L121 | L74: =IFERROR(IF('📋 Product Manager'!N121="","",'📋 Product Manager'!N121),"")
A75: =IFERROR(" MOC: "&'📋 Product Manager'!D122, "")
A76: 56 | B76: ='📋 Product Manager'!B122 | C76: ='📋 Product Manager'!D122 | D76: ='📋 Product Manager'!E122 | E76: =IFERROR(IF('📋 Product Manager'!F122<>"",'📋 Product Manager'!F122,'📋 Product Manager'!G122),"") | F76: ='📋 Product Manager'!G122 | G76: ='📋 Product Manager'!H122 | H76: ='📋 Product Manager'!I122 | I76: ='📋 Product Manager'!J122 | J76: ='📋 Product Manager'!K122 | K76: ='📋 Product Manager'!L122 | L76: =IFERROR(IF('📋 Product Manager'!N122="","",'📋 Product Manager'!N122),"")
A77: 57 | B77: ='📋 Product Manager'!B123 | C77: ='📋 Product Manager'!D123 | D77: ='📋 Product Manager'!E123 | E77: =IFERROR(IF('📋 Product Manager'!F123<>"",'📋 Product Manager'!F123,'📋 Product Manager'!G123),"") | F77: ='📋 Product Manager'!G123 | G77: ='📋 Product Manager'!H123 | H77: ='📋 Product Manager'!I123 | I77: ='📋 Product Manager'!J123 | J77: ='📋 Product Manager'!K123 | K77: ='📋 Product Manager'!L123 | L77: =IFERROR(IF('📋 Product Manager'!N123="","",'📋 Product Manager'!N123),"")
A78: 58 | B78: ='📋 Product Manager'!B124 | C78: ='📋 Product Manager'!D124 | D78: ='📋 Product Manager'!E124 | E78: =IFERROR(IF('📋 Product Manager'!F124<>"",'📋 Product Manager'!F124,'📋 Product Manager'!G124),"") | F78: ='📋 Product Manager'!G124 | G78: ='📋 Product Manager'!H124 | H78: ='📋 Product Manager'!I124 | I78: ='📋 Product Manager'!J124 | J78: ='📋 Product Manager'!K124 | K78: ='📋 Product Manager'!L124 | L78: =IFERROR(IF('📋 Product Manager'!N124="","",'📋 Product Manager'!N124),"")
A79: ='📋 Product Manager'!B125
A80: =IFERROR(" Design: "&'📋 Product Manager'!H125&" · Hydro: "&'📋 Product Manager'!I125&" Kg/Cm²", "")
A81: =IFERROR(" MOC: "&'📋 Product Manager'!D125, "")
A82: 59 | B82: ='📋 Product Manager'!B125 | C82: ='📋 Product Manager'!D125 | D82: ='📋 Product Manager'!E125 | E82: =IFERROR(IF('📋 Product Manager'!F125<>"",'📋 Product Manager'!F125,'📋 Product Manager'!G125),"") | F82: ='📋 Product Manager'!G125 | G82: ='📋 Product Manager'!H125 | H82: ='📋 Product Manager'!I125 | I82: ='📋 Product Manager'!J125 | J82: ='📋 Product Manager'!K125 | K82: ='📋 Product Manager'!L125 | L82: =IFERROR(IF('📋 Product Manager'!N125="","",'📋 Product Manager'!N125),"")
A83: 60 | B83: ='📋 Product Manager'!B126 | C83: ='📋 Product Manager'!D126 | D83: ='📋 Product Manager'!E126 | E83: =IFERROR(IF('📋 Product Manager'!F126<>"",'📋 Product Manager'!F126,'📋 Product Manager'!G126),"") | F83: ='📋 Product Manager'!G126 | G83: ='📋 Product Manager'!H126 | H83: ='📋 Product Manager'!I126 | I83: ='📋 Product Manager'!J126 | J83: ='📋 Product Manager'!K126 | K83: ='📋 Product Manager'!L126 | L83: =IFERROR(IF('📋 Product Manager'!N126="","",'📋 Product Manager'!N126),"")
A84: 61 | B84: ='📋 Product Manager'!B127 | C84: ='📋 Product Manager'!D127 | D84: ='📋 Product Manager'!E127 | E84: =IFERROR(IF('📋 Product Manager'!F127<>"",'📋 Product Manager'!F127,'📋 Product Manager'!G127),"") | F84: ='📋 Product Manager'!G127 | G84: ='📋 Product Manager'!H127 | H84: ='📋 Product Manager'!I127 | I84: ='📋 Product Manager'!J127 | J84: ='📋 Product Manager'!K127 | K84: ='📋 Product Manager'!L127 | L84: =IFERROR(IF('📋 Product Manager'!N127="","",'📋 Product Manager'!N127),"")
A85: 62 | B85: ='📋 Product Manager'!B128 | C85: ='📋 Product Manager'!D128 | D85: ='📋 Product Manager'!E128 | E85: =IFERROR(IF('📋 Product Manager'!F128<>"",'📋 Product Manager'!F128,'📋 Product Manager'!G128),"") | F85: ='📋 Product Manager'!G128 | G85: ='📋 Product Manager'!H128 | H85: ='📋 Product Manager'!I128 | I85: ='📋 Product Manager'!J128 | J85: ='📋 Product Manager'!K128 | K85: ='📋 Product Manager'!L128 | L85: =IFERROR(IF('📋 Product Manager'!N128="","",'📋 Product Manager'!N128),"")
A86: 63 | B86: ='📋 Product Manager'!B129 | C86: ='📋 Product Manager'!D129 | D86: ='📋 Product Manager'!E129 | E86: =IFERROR(IF('📋 Product Manager'!F129<>"",'📋 Product Manager'!F129,'📋 Product Manager'!G129),"") | F86: ='📋 Product Manager'!G129 | G86: ='📋 Product Manager'!H129 | H86: ='📋 Product Manager'!I129 | I86: ='📋 Product Manager'!J129 | J86: ='📋 Product Manager'!K129 | K86: ='📋 Product Manager'!L129 | L86: =IFERROR(IF('📋 Product Manager'!N129="","",'📋 Product Manager'!N129),"")
A87: =IFERROR(" MOC: "&'📋 Product Manager'!D130, "")
A88: 64 | B88: ='📋 Product Manager'!B130 | C88: ='📋 Product Manager'!D130 | D88: ='📋 Product Manager'!E130 | E88: =IFERROR(IF('📋 Product Manager'!F130<>"",'📋 Product Manager'!F130,'📋 Product Manager'!G130),"") | F88: ='📋 Product Manager'!G130 | G88: ='📋 Product Manager'!H130 | H88: ='📋 Product Manager'!I130 | I88: ='📋 Product Manager'!J130 | J88: ='📋 Product Manager'!K130 | K88: ='📋 Product Manager'!L130 | L88: =IFERROR(IF('📋 Product Manager'!N130="","",'📋 Product Manager'!N130),"")
A89: 65 | B89: ='📋 Product Manager'!B131 | C89: ='📋 Product Manager'!D131 | D89: ='📋 Product Manager'!E131 | E89: =IFERROR(IF('📋 Product Manager'!F131<>"",'📋 Product Manager'!F131,'📋 Product Manager'!G131),"") | F89: ='📋 Product Manager'!G131 | G89: ='📋 Product Manager'!H131 | H89: ='📋 Product Manager'!I131 | I89: ='📋 Product Manager'!J131 | J89: ='📋 Product Manager'!K131 | K89: ='📋 Product Manager'!L131 | L89: =IFERROR(IF('📋 Product Manager'!N131="","",'📋 Product Manager'!N131),"")
A90: 66 | B90: ='📋 Product Manager'!B132 | C90: ='📋 Product Manager'!D132 | D90: ='📋 Product Manager'!E132 | E90: =IFERROR(IF('📋 Product Manager'!F132<>"",'📋 Product Manager'!F132,'📋 Product Manager'!G132),"") | F90: ='📋 Product Manager'!G132 | G90: ='📋 Product Manager'!H132 | H90: ='📋 Product Manager'!I132 | I90: ='📋 Product Manager'!J132 | J90: ='📋 Product Manager'!K132 | K90: ='📋 Product Manager'!L132 | L90: =IFERROR(IF('📋 Product Manager'!N132="","",'📋 Product Manager'!N132),"")
A91: 67 | B91: ='📋 Product Manager'!B133 | C91: ='📋 Product Manager'!D133 | D91: ='📋 Product Manager'!E133 | E91: =IFERROR(IF('📋 Product Manager'!F133<>"",'📋 Product Manager'!F133,'📋 Product Manager'!G133),"") | F91: ='📋 Product Manager'!G133 | G91: ='📋 Product Manager'!H133 | H91: ='📋 Product Manager'!I133 | I91: ='📋 Product Manager'!J133 | J91: ='📋 Product Manager'!K133 | K91: ='📋 Product Manager'!L133 | L91: =IFERROR(IF('📋 Product Manager'!N133="","",'📋 Product Manager'!N133),"")
A92: 68 | B92: ='📋 Product Manager'!B134 | C92: ='📋 Product Manager'!D134 | D92: ='📋 Product Manager'!E134 | E92: =IFERROR(IF('📋 Product Manager'!F134<>"",'📋 Product Manager'!F134,'📋 Product Manager'!G134),"") | F92: ='📋 Product Manager'!G134 | G92: ='📋 Product Manager'!H134 | H92: ='📋 Product Manager'!I134 | I92: ='📋 Product Manager'!J134 | J92: ='📋 Product Manager'!K134 | K92: ='📋 Product Manager'!L134 | L92: =IFERROR(IF('📋 Product Manager'!N134="","",'📋 Product Manager'!N134),"")
A94: ← Back to Product Manager | E94: ← Price Summary

Sheet Piston Valves
A1: SUNFORD VALVES COMPANY · PISTON VALVES · PRICE LIST
A2: ⚡ LIVE — All data below is formula-linked to 📋 Product Manager. Edit prices there, they update here automatically.
A4: Sr. | B4: Product Description | C4: MOC / Material | D4: Size | E4: Pressure Class | F4: End Connection | G4: Design Standard | H4: Hydro Test | I4: Unit | J4: Rate (INR) | K4: Status | L4: Remarks
A5: ='📋 Product Manager'!B164
A6: =IFERROR(" Design: "&'📋 Product Manager'!H164&" · Hydro: "&'📋 Product Manager'!I164&" Kg/Cm²", "")
A7: =IFERROR(" MOC: "&'📋 Product Manager'!D164, "")
A8: 1 | B8: ='📋 Product Manager'!B164 | C8: ='📋 Product Manager'!D164 | D8: ='📋 Product Manager'!E164 | E8: =IFERROR(IF('📋 Product Manager'!F164<>"",'📋 Product Manager'!F164,'📋 Product Manager'!G164),"") | F8: ='📋 Product Manager'!G164 | G8: ='📋 Product Manager'!H164 | H8: ='📋 Product Manager'!I164 | I8: ='📋 Product Manager'!J164 | J8: ='📋 Product Manager'!K164 | K8: ='📋 Product Manager'!L164 | L8: =IFERROR(IF('📋 Product Manager'!N164="","",'📋 Product Manager'!N164),"")
A9: 2 | B9: ='📋 Product Manager'!B165 | C9: ='📋 Product Manager'!D165 | D9: ='📋 Product Manager'!E165 | E9: =IFERROR(IF('📋 Product Manager'!F165<>"",'📋 Product Manager'!F165,'📋 Product Manager'!G165),"") | F9: ='📋 Product Manager'!G165 | G9: ='📋 Product Manager'!H165 | H9: ='📋 Product Manager'!I165 | I9: ='📋 Product Manager'!J165 | J9: ='📋 Product Manager'!K165 | K9: ='📋 Product Manager'!L165 | L9: =IFERROR(IF('📋 Product Manager'!N165="","",'📋 Product Manager'!N165),"")
A10: 3 | B10: ='📋 Product Manager'!B166 | C10: ='📋 Product Manager'!D166 | D10: ='📋 Product Manager'!E166 | E10: =IFERROR(IF('📋 Product Manager'!F166<>"",'📋 Product Manager'!F166,'📋 Product Manager'!G166),"") | F10: ='📋 Product Manager'!G166 | G10: ='📋 Product Manager'!H166 | H10: ='📋 Product Manager'!I166 | I10: ='📋 Product Manager'!J166 | J10: ='📋 Product Manager'!K166 | K10: ='📋 Product Manager'!L166 | L10: =IFERROR(IF('📋 Product Manager'!N166="","",'📋 Product Manager'!N166),"")
A11: 4 | B11: ='📋 Product Manager'!B167 | C11: ='📋 Product Manager'!D167 | D11: ='📋 Product Manager'!E167 | E11: =IFERROR(IF('📋 Product Manager'!F167<>"",'📋 Product Manager'!F167,'📋 Product Manager'!G167),"") | F11: ='📋 Product Manager'!G167 | G11: ='📋 Product Manager'!H167 | H11: ='📋 Product Manager'!I167 | I11: ='📋 Product Manager'!J167 | J11: ='📋 Product Manager'!K167 | K11: ='📋 Product Manager'!L167 | L11: =IFERROR(IF('📋 Product Manager'!N167="","",'📋 Product Manager'!N167),"")
A12: ='📋 Product Manager'!B168
A13: =IFERROR(" Design: "&'📋 Product Manager'!H168&" · Hydro: "&'📋 Product Manager'!I168&" Kg/Cm²", "")
A14: =IFERROR(" MOC: "&'📋 Product Manager'!D168, "")
A15: 5 | B15: ='📋 Product Manager'!B168 | C15: ='📋 Product Manager'!D168 | D15: ='📋 Product Manager'!E168 | E15: =IFERROR(IF('📋 Product Manager'!F168<>"",'📋 Product Manager'!F168,'📋 Product Manager'!G168),"") | F15: ='📋 Product Manager'!G168 | G15: ='📋 Product Manager'!H168 | H15: ='📋 Product Manager'!I168 | I15: ='📋 Product Manager'!J168 | J15: ='📋 Product Manager'!K168 | K15: ='📋 Product Manager'!L168 | L15: =IFERROR(IF('📋 Product Manager'!N168="","",'📋 Product Manager'!N168),"")
A16: 6 | B16: ='📋 Product Manager'!B169 | C16: ='📋 Product Manager'!D169 | D16: ='📋 Product Manager'!E169 | E16: =IFERROR(IF('📋 Product Manager'!F169<>"",'📋 Product Manager'!F169,'📋 Product Manager'!G169),"") | F16: ='📋 Product Manager'!G169 | G16: ='📋 Product Manager'!H169 | H16: ='📋 Product Manager'!I169 | I16: ='📋 Product Manager'!J169 | J16: ='📋 Product Manager'!K169 | K16: ='📋 Product Manager'!L169 | L16: =IFERROR(IF('📋 Product Manager'!N169="","",'📋 Product Manager'!N169),"")
A17: 7 | B17: ='📋 Product Manager'!B170 | C17: ='📋 Product Manager'!D170 | D17: ='📋 Product Manager'!E170 | E17: =IFERROR(IF('📋 Product Manager'!F170<>"",'📋 Product Manager'!F170,'📋 Product Manager'!G170),"") | F17: ='📋 Product Manager'!G170 | G17: ='📋 Product Manager'!H170 | H17: ='📋 Product Manager'!I170 | I17: ='📋 Product Manager'!J170 | J17: ='📋 Product Manager'!K170 | K17: ='📋 Product Manager'!L170 | L17: =IFERROR(IF('📋 Product Manager'!N170="","",'📋 Product Manager'!N170),"")
A18: 8 | B18: ='📋 Product Manager'!B171 | C18: ='📋 Product Manager'!D171 | D18: ='📋 Product Manager'!E171 | E18: =IFERROR(IF('📋 Product Manager'!F171<>"",'📋 Product Manager'!F171,'📋 Product Manager'!G171),"") | F18: ='📋 Product Manager'!G171 | G18: ='📋 Product Manager'!H171 | H18: ='📋 Product Manager'!I171 | I18: ='📋 Product Manager'!J171 | J18: ='📋 Product Manager'!K171 | K18: ='📋 Product Manager'!L171 | L18: =IFERROR(IF('📋 Product Manager'!N171="","",'📋 Product Manager'!N171),"")
A19: 9 | B19: ='📋 Product Manager'!B172 | C19: ='📋 Product Manager'!D172 | D19: ='📋 Product Manager'!E172 | E19: =IFERROR(IF('📋 Product Manager'!F172<>"",'📋 Product Manager'!F172,'📋 Product Manager'!G172),"") | F19: ='📋 Product Manager'!G172 | G19: ='📋 Product Manager'!H172 | H19: ='📋 Product Manager'!I172 | I19: ='📋 Product Manager'!J172 | J19: ='📋 Product Manager'!K172 | K19: ='📋 Product Manager'!L172 | L19: =IFERROR(IF('📋 Product Manager'!N172="","",'📋 Product Manager'!N172),"")
A21: ← Back to Product Manager | E21: ← Price Summary

Sheet Butterfly Valves
A1: SUNFORD VALVES COMPANY · BUTTERFLY VALVES · PRICE LIST
A2: ⚡ LIVE — All data below is formula-linked to 📋 Product Manager. Edit prices there, they update here automatically.
A4: Sr. | B4: Product Description | C4: MOC / Material | D4: Size | E4: Pressure Class | F4: End Connection | G4: Design Standard | H4: Hydro Test | I4: Unit | J4: Rate (INR) | K4: Status | L4: Remarks
A5: ='📋 Product Manager'!B173
A6: =IFERROR(" Design: "&'📋 Product Manager'!H173&" · Hydro: "&'📋 Product Manager'!I173&" Kg/Cm²", "")
A7: =IFERROR(" MOC: "&'📋 Product Manager'!D173, "")
A8: 1 | B8: ='📋 Product Manager'!B173 | C8: ='📋 Product Manager'!D173 | D8: ='📋 Product Manager'!E173 | E8: =IFERROR(IF('📋 Product Manager'!F173<>"",'📋 Product Manager'!F173,'📋 Product Manager'!G173),"") | F8: ='📋 Product Manager'!G173 | G8: ='📋 Product Manager'!H173 | H8: ='📋 Product Manager'!I173 | I8: ='📋 Product Manager'!J173 | J8: ='📋 Product Manager'!K173 | K8: ='📋 Product Manager'!L173 | L8: =IFERROR(IF('📋 Product Manager'!N173="","",'📋 Product Manager'!N173),"")
A9: 2 | B9: ='📋 Product Manager'!B174 | C9: ='📋 Product Manager'!D174 | D9: ='📋 Product Manager'!E174 | E9: =IFERROR(IF('📋 Product Manager'!F174<>"",'📋 Product Manager'!F174,'📋 Product Manager'!G174),"") | F9: ='📋 Product Manager'!G174 | G9: ='📋 Product Manager'!H174 | H9: ='📋 Product Manager'!I174 | I9: ='📋 Product Manager'!J174 | J9: ='📋 Product Manager'!K174 | K9: ='📋 Product Manager'!L174 | L9: =IFERROR(IF('📋 Product Manager'!N174="","",'📋 Product Manager'!N174),"")
A10: 3 | B10: ='📋 Product Manager'!B175 | C10: ='📋 Product Manager'!D175 | D10: ='📋 Product Manager'!E175 | E10: =IFERROR(IF('📋 Product Manager'!F175<>"",'📋 Product Manager'!F175,'📋 Product Manager'!G175),"") | F10: ='📋 Product Manager'!G175 | G10: ='📋 Product Manager'!H175 | H10: ='📋 Product Manager'!I175 | I10: ='📋 Product Manager'!J175 | J10: ='📋 Product Manager'!K175 | K10: ='📋 Product Manager'!L175 | L10: =IFERROR(IF('📋 Product Manager'!N175="","",'📋 Product Manager'!N175),"")
A11: 4 | B11: ='📋 Product Manager'!B176 | C11: ='📋 Product Manager'!D176 | D11: ='📋 Product Manager'!E176 | E11: =IFERROR(IF('📋 Product Manager'!F176<>"",'📋 Product Manager'!F176,'📋 Product Manager'!G176),"") | F11: ='📋 Product Manager'!G176 | G11: ='📋 Product Manager'!H176 | H11: ='📋 Product Manager'!I176 | I11: ='📋 Product Manager'!J176 | J11: ='📋 Product Manager'!K176 | K11: ='📋 Product Manager'!L176 | L11: =IFERROR(IF('📋 Product Manager'!N176="","",'📋 Product Manager'!N176),"")
A12: 5 | B12: ='📋 Product Manager'!B177 | C12: ='📋 Product Manager'!D177 | D12: ='📋 Product Manager'!E177 | E12: =IFERROR(IF('📋 Product Manager'!F177<>"",'📋 Product Manager'!F177,'📋 Product Manager'!G177),"") | F12: ='📋 Product Manager'!G177 | G12: ='📋 Product Manager'!H177 | H12: ='📋 Product Manager'!I177 | I12: ='📋 Product Manager'!J177 | J12: ='📋 Product Manager'!K177 | K12: ='📋 Product Manager'!L177 | L12: =IFERROR(IF('📋 Product Manager'!N177="","",'📋 Product Manager'!N177),"")
A13: 6 | B13: ='📋 Product Manager'!B178 | C13: ='📋 Product Manager'!D178 | D13: ='📋 Product Manager'!E178 | E13: =IFERROR(IF('📋 Product Manager'!F178<>"",'📋 Product Manager'!F178,'📋 Product Manager'!G178),"") | F13: ='📋 Product Manager'!G178 | G13: ='📋 Product Manager'!H178 | H13: ='📋 Product Manager'!I178 | I13: ='📋 Product Manager'!J178 | J13: ='📋 Product Manager'!K178 | K13: ='📋 Product Manager'!L178 | L13: =IFERROR(IF('📋 Product Manager'!N178="","",'📋 Product Manager'!N178),"")
A14: 7 | B14: ='📋 Product Manager'!B179 | C14: ='📋 Product Manager'!D179 | D14: ='📋 Product Manager'!E179 | E14: =IFERROR(IF('📋 Product Manager'!F179<>"",'📋 Product Manager'!F179,'📋 Product Manager'!G179),"") | F14: ='📋 Product Manager'!G179 | G14: ='📋 Product Manager'!H179 | H14: ='📋 Product Manager'!I179 | I14: ='📋 Product Manager'!J179 | J14: ='📋 Product Manager'!K179 | K14: ='📋 Product Manager'!L179 | L14: =IFERROR(IF('📋 Product Manager'!N179="","",'📋 Product Manager'!N179),"")
A15: 8 | B15: ='📋 Product Manager'!B180 | C15: ='📋 Product Manager'!D180 | D15: ='📋 Product Manager'!E180 | E15: =IFERROR(IF('📋 Product Manager'!F180<>"",'📋 Product Manager'!F180,'📋 Product Manager'!G180),"") | F15: ='📋 Product Manager'!G180 | G15: ='📋 Product Manager'!H180 | H15: ='📋 Product Manager'!I180 | I15: ='📋 Product Manager'!J180 | J15: ='📋 Product Manager'!K180 | K15: ='📋 Product Manager'!L180 | L15: =IFERROR(IF('📋 Product Manager'!N180="","",'📋 Product Manager'!N180),"")
A16: 9 | B16: ='📋 Product Manager'!B181 | C16: ='📋 Product Manager'!D181 | D16: ='📋 Product Manager'!E181 | E16: =IFERROR(IF('📋 Product Manager'!F181<>"",'📋 Product Manager'!F181,'📋 Product Manager'!G181),"") | F16: ='📋 Product Manager'!G181 | G16: ='📋 Product Manager'!H181 | H16: ='📋 Product Manager'!I181 | I16: ='📋 Product Manager'!J181 | J16: ='📋 Product Manager'!K181 | K16: ='📋 Product Manager'!L181 | L16: =IFERROR(IF('📋 Product Manager'!N181="","",'📋 Product Manager'!N181),"")
A17: 10 | B17: ='📋 Product Manager'!B182 | C17: ='📋 Product Manager'!D182 | D17: ='📋 Product Manager'!E182 | E17: =IFERROR(IF('📋 Product Manager'!F182<>"",'📋 Product Manager'!F182,'📋 Product Manager'!G182),"") | F17: ='📋 Product Manager'!G182 | G17: ='📋 Product Manager'!H182 | H17: ='📋 Product Manager'!I182 | I17: ='📋 Product Manager'!J182 | J17: ='📋 Product Manager'!K182 | K17: ='📋 Product Manager'!L182 | L17: =IFERROR(IF('📋 Product Manager'!N182="","",'📋 Product Manager'!N182),"")
A18: ='📋 Product Manager'!B183
A19: =IFERROR(" Design: "&'📋 Product Manager'!H183&" · Hydro: "&'📋 Product Manager'!I183&" Kg/Cm²", "")
A20: =IFERROR(" MOC: "&'📋 Product Manager'!D183, "")
A21: 11 | B21: ='📋 Product Manager'!B183 | C21: ='📋 Product Manager'!D183 | D21: ='📋 Product Manager'!E183 | E21: =IFERROR(IF('📋 Product Manager'!F183<>"",'📋 Product Manager'!F183,'📋 Product Manager'!G183),"") | F21: ='📋 Product Manager'!G183 | G21: ='📋 Product Manager'!H183 | H21: ='📋 Product Manager'!I183 | I21: ='📋 Product Manager'!J183 | J21: ='📋 Product Manager'!K183 | K21: ='📋 Product Manager'!L183 | L21: =IFERROR(IF('📋 Product Manager'!N183="","",'📋 Product Manager'!N183),"")
A22: 12 | B22: ='📋 Product Manager'!B184 | C22: ='📋 Product Manager'!D184 | D22: ='📋 Product Manager'!E184 | E22: =IFERROR(IF('📋 Product Manager'!F184<>"",'📋 Product Manager'!F184,'📋 Product Manager'!G184),"") | F22: ='📋 Product Manager'!G184 | G22: ='📋 Product Manager'!H184 | H22: ='📋 Product Manager'!I184 | I22: ='📋 Product Manager'!J184 | J22: ='📋 Product Manager'!K184 | K22: ='📋 Product Manager'!L184 | L22: =IFERROR(IF('📋 Product Manager'!N184="","",'📋 Product Manager'!N184),"")
A23: 13 | B23: ='📋 Product Manager'!B185 | C23: ='📋 Product Manager'!D185 | D23: ='📋 Product Manager'!E185 | E23: =IFERROR(IF('📋 Product Manager'!F185<>"",'📋 Product Manager'!F185,'📋 Product Manager'!G185),"") | F23: ='📋 Product Manager'!G185 | G23: ='📋 Product Manager'!H185 | H23: ='📋 Product Manager'!I185 | I23: ='📋 Product Manager'!J185 | J23: ='📋 Product Manager'!K185 | K23: ='📋 Product Manager'!L185 | L23: =IFERROR(IF('📋 Product Manager'!N185="","",'📋 Product Manager'!N185),"")
A24: 14 | B24: ='📋 Product Manager'!B186 | C24: ='📋 Product Manager'!D186 | D24: ='📋 Product Manager'!E186 | E24: =IFERROR(IF('📋 Product Manager'!F186<>"",'📋 Product Manager'!F186,'📋 Product Manager'!G186),"") | F24: ='📋 Product Manager'!G186 | G24: ='📋 Product Manager'!H186 | H24: ='📋 Product Manager'!I186 | I24: ='📋 Product Manager'!J186 | J24: ='📋 Product Manager'!K186 | K24: ='📋 Product Manager'!L186 | L24: =IFERROR(IF('📋 Product Manager'!N186="","",'📋 Product Manager'!N186),"")
A25: 15 | B25: ='📋 Product Manager'!B187 | C25: ='📋 Product Manager'!D187 | D25: ='📋 Product Manager'!E187 | E25: =IFERROR(IF('📋 Product Manager'!F187<>"",'📋 Product Manager'!F187,'📋 Product Manager'!G187),"") | F25: ='📋 Product Manager'!G187 | G25: ='📋 Product Manager'!H187 | H25: ='📋 Product Manager'!I187 | I25: ='📋 Product Manager'!J187 | J25: ='📋 Product Manager'!K187 | K25: ='📋 Product Manager'!L187 | L25: =IFERROR(IF('📋 Product Manager'!N187="","",'📋 Product Manager'!N187),"")
A26: 16 | B26: ='📋 Product Manager'!B188 | C26: ='📋 Product Manager'!D188 | D26: ='📋 Product Manager'!E188 | E26: =IFERROR(IF('📋 Product Manager'!F188<>"",'📋 Product Manager'!F188,'📋 Product Manager'!G188),"") | F26: ='📋 Product Manager'!G188 | G26: ='📋 Product Manager'!H188 | H26: ='📋 Product Manager'!I188 | I26: ='📋 Product Manager'!J188 | J26: ='📋 Product Manager'!K188 | K26: ='📋 Product Manager'!L188 | L26: =IFERROR(IF('📋 Product Manager'!N188="","",'📋 Product Manager'!N188),"")
A27: 17 | B27: ='📋 Product Manager'!B189 | C27: ='📋 Product Manager'!D189 | D27: ='📋 Product Manager'!E189 | E27: =IFERROR(IF('📋 Product Manager'!F189<>"",'📋 Product Manager'!F189,'📋 Product Manager'!G189),"") | F27: ='📋 Product Manager'!G189 | G27: ='📋 Product Manager'!H189 | H27: ='📋 Product Manager'!I189 | I27: ='📋 Product Manager'!J189 | J27: ='📋 Product Manager'!K189 | K27: ='📋 Product Manager'!L189 | L27: =IFERROR(IF('📋 Product Manager'!N189="","",'📋 Product Manager'!N189),"")
A28: 18 | B28: ='📋 Product Manager'!B190 | C28: ='📋 Product Manager'!D190 | D28: ='📋 Product Manager'!E190 | E28: =IFERROR(IF('📋 Product Manager'!F190<>"",'📋 Product Manager'!F190,'📋 Product Manager'!G190),"") | F28: ='📋 Product Manager'!G190 | G28: ='📋 Product Manager'!H190 | H28: ='📋 Product Manager'!I190 | I28: ='📋 Product Manager'!J190 | J28: ='📋 Product Manager'!K190 | K28: ='📋 Product Manager'!L190 | L28: =IFERROR(IF('📋 Product Manager'!N190="","",'📋 Product Manager'!N190),"")
A29: ='📋 Product Manager'!B191
A30: =IFERROR(" Design: "&'📋 Product Manager'!H191&" · Hydro: "&'📋 Product Manager'!I191&" Kg/Cm²", "")
A31: =IFERROR(" MOC: "&'📋 Product Manager'!D191, "")
A32: 19 | B32: ='📋 Product Manager'!B191 | C32: ='📋 Product Manager'!D191 | D32: ='📋 Product Manager'!E191 | E32: =IFERROR(IF('📋 Product Manager'!F191<>"",'📋 Product Manager'!F191,'📋 Product Manager'!G191),"") | F32: ='📋 Product Manager'!G191 | G32: ='📋 Product Manager'!H191 | H32: ='📋 Product Manager'!I191 | I32: ='📋 Product Manager'!J191 | J32: ='📋 Product Manager'!K191 | K32: ='📋 Product Manager'!L191 | L32: =IFERROR(IF('📋 Product Manager'!N191="","",'📋 Product Manager'!N191),"")
A33: 20 | B33: ='📋 Product Manager'!B192 | C33: ='📋 Product Manager'!D192 | D33: ='📋 Product Manager'!E192 | E33: =IFERROR(IF('📋 Product Manager'!F192<>"",'📋 Product Manager'!F192,'📋 Product Manager'!G192),"") | F33: ='📋 Product Manager'!G192 | G33: ='📋 Product Manager'!H192 | H33: ='📋 Product Manager'!I192 | I33: ='📋 Product Manager'!J192 | J33: ='📋 Product Manager'!K192 | K33: ='📋 Product Manager'!L192 | L33: =IFERROR(IF('📋 Product Manager'!N192="","",'📋 Product Manager'!N192),"")
A34: 21 | B34: ='📋 Product Manager'!B193 | C34: ='📋 Product Manager'!D193 | D34: ='📋 Product Manager'!E193 | E34: =IFERROR(IF('📋 Product Manager'!F193<>"",'📋 Product Manager'!F193,'📋 Product Manager'!G193),"") | F34: ='📋 Product Manager'!G193 | G34: ='📋 Product Manager'!H193 | H34: ='📋 Product Manager'!I193 | I34: ='📋 Product Manager'!J193 | J34: ='📋 Product Manager'!K193 | K34: ='📋 Product Manager'!L193 | L34: =IFERROR(IF('📋 Product Manager'!N193="","",'📋 Product Manager'!N193),"")
A35: 22 | B35: ='📋 Product Manager'!B194 | C35: ='📋 Product Manager'!D194 | D35: ='📋 Product Manager'!E194 | E35: =IFERROR(IF('📋 Product Manager'!F194<>"",'📋 Product Manager'!F194,'📋 Product Manager'!G194),"") | F35: ='📋 Product Manager'!G194 | G35: ='📋 Product Manager'!H194 | H35: ='📋 Product Manager'!I194 | I35: ='📋 Product Manager'!J194 | J35: ='📋 Product Manager'!K194 | K35: ='📋 Product Manager'!L194 | L35: =IFERROR(IF('📋 Product Manager'!N194="","",'📋 Product Manager'!N194),"")
A36: 23 | B36: ='📋 Product Manager'!B195 | C36: ='📋 Product Manager'!D195 | D36: ='📋 Product Manager'!E195 | E36: =IFERROR(IF('📋 Product Manager'!F195<>"",'📋 Product Manager'!F195,'📋 Product Manager'!G195),"") | F36: ='📋 Product Manager'!G195 | G36: ='📋 Product Manager'!H195 | H36: ='📋 Product Manager'!I195 | I36: ='📋 Product Manager'!J195 | J36: ='📋 Product Manager'!K195 | K36: ='📋 Product Manager'!L195 | L36: =IFERROR(IF('📋 Product Manager'!N195="","",'📋 Product Manager'!N195),"")
A37: 24 | B37: ='📋 Product Manager'!B196 | C37: ='📋 Product Manager'!D196 | D37: ='📋 Product Manager'!E196 | E37: =IFERROR(IF('📋 Product Manager'!F196<>"",'📋 Product Manager'!F196,'📋 Product Manager'!G196),"") | F37: ='📋 Product Manager'!G196 | G37: ='📋 Product Manager'!H196 | H37: ='📋 Product Manager'!I196 | I37: ='📋 Product Manager'!J196 | J37: ='📋 Product Manager'!K196 | K37: ='📋 Product Manager'!L196 | L37: =IFERROR(IF('📋 Product Manager'!N196="","",'📋 Product Manager'!N196),"")
A38: 25 | B38: ='📋 Product Manager'!B197 | C38: ='📋 Product Manager'!D197 | D38: ='📋 Product Manager'!E197 | E38: =IFERROR(IF('📋 Product Manager'!F197<>"",'📋 Product Manager'!F197,'📋 Product Manager'!G197),"") | F38: ='📋 Product Manager'!G197 | G38: ='📋 Product Manager'!H197 | H38: ='📋 Product Manager'!I197 | I38: ='📋 Product Manager'!J197 | J38: ='📋 Product Manager'!K197 | K38: ='📋 Product Manager'!L197 | L38: =IFERROR(IF('📋 Product Manager'!N197="","",'📋 Product Manager'!N197),"")
A39: 26 | B39: ='📋 Product Manager'!B198 | C39: ='📋 Product Manager'!D198 | D39: ='📋 Product Manager'!E198 | E39: =IFERROR(IF('📋 Product Manager'!F198<>"",'📋 Product Manager'!F198,'📋 Product Manager'!G198),"") | F39: ='📋 Product Manager'!G198 | G39: ='📋 Product Manager'!H198 | H39: ='📋 Product Manager'!I198 | I39: ='📋 Product Manager'!J198 | J39: ='📋 Product Manager'!K198 | K39: ='📋 Product Manager'!L198 | L39: =IFERROR(IF('📋 Product Manager'!N198="","",'📋 Product Manager'!N198),"")
A40: =IFERROR(" MOC: "&'📋 Product Manager'!D199, "")
A41: 27 | B41: ='📋 Product Manager'!B199 | C41: ='📋 Product Manager'!D199 | D41: ='📋 Product Manager'!E199 | E41: =IFERROR(IF('📋 Product Manager'!F199<>"",'📋 Product Manager'!F199,'📋 Product Manager'!G199),"") | F41: ='📋 Product Manager'!G199 | G41: ='📋 Product Manager'!H199 | H41: ='📋 Product Manager'!I199 | I41: ='📋 Product Manager'!J199 | J41: ='📋 Product Manager'!K199 | K41: ='📋 Product Manager'!L199 | L41: =IFERROR(IF('📋 Product Manager'!N199="","",'📋 Product Manager'!N199),"")
A42: 28 | B42: ='📋 Product Manager'!B200 | C42: ='📋 Product Manager'!D200 | D42: ='📋 Product Manager'!E200 | E42: =IFERROR(IF('📋 Product Manager'!F200<>"",'📋 Product Manager'!F200,'📋 Product Manager'!G200),"") | F42: ='📋 Product Manager'!G200 | G42: ='📋 Product Manager'!H200 | H42: ='📋 Product Manager'!I200 | I42: ='📋 Product Manager'!J200 | J42: ='📋 Product Manager'!K200 | K42: ='📋 Product Manager'!L200 | L42: =IFERROR(IF('📋 Product Manager'!N200="","",'📋 Product Manager'!N200),"")
A43: 29 | B43: ='📋 Product Manager'!B201 | C43: ='📋 Product Manager'!D201 | D43: ='📋 Product Manager'!E201 | E43: =IFERROR(IF('📋 Product Manager'!F201<>"",'📋 Product Manager'!F201,'📋 Product Manager'!G201),"") | F43: ='📋 Product Manager'!G201 | G43: ='📋 Product Manager'!H201 | H43: ='📋 Product Manager'!I201 | I43: ='📋 Product Manager'!J201 | J43: ='📋 Product Manager'!K201 | K43: ='📋 Product Manager'!L201 | L43: =IFERROR(IF('📋 Product Manager'!N201="","",'📋 Product Manager'!N201),"")
A44: 30 | B44: ='📋 Product Manager'!B202 | C44: ='📋 Product Manager'!D202 | D44: ='📋 Product Manager'!E202 | E44: =IFERROR(IF('📋 Product Manager'!F202<>"",'📋 Product Manager'!F202,'📋 Product Manager'!G202),"") | F44: ='📋 Product Manager'!G202 | G44: ='📋 Product Manager'!H202 | H44: ='📋 Product Manager'!I202 | I44: ='📋 Product Manager'!J202 | J44: ='📋 Product Manager'!K202 | K44: ='📋 Product Manager'!L202 | L44: =IFERROR(IF('📋 Product Manager'!N202="","",'📋 Product Manager'!N202),"")
A45: 31 | B45: ='📋 Product Manager'!B203 | C45: ='📋 Product Manager'!D203 | D45: ='📋 Product Manager'!E203 | E45: =IFERROR(IF('📋 Product Manager'!F203<>"",'📋 Product Manager'!F203,'📋 Product Manager'!G203),"") | F45: ='📋 Product Manager'!G203 | G45: ='📋 Product Manager'!H203 | H45: ='📋 Product Manager'!I203 | I45: ='📋 Product Manager'!J203 | J45: ='📋 Product Manager'!K203 | K45: ='📋 Product Manager'!L203 | L45: =IFERROR(IF('📋 Product Manager'!N203="","",'📋 Product Manager'!N203),"")
A46: 32 | B46: ='📋 Product Manager'!B204 | C46: ='📋 Product Manager'!D204 | D46: ='📋 Product Manager'!E204 | E46: =IFERROR(IF('📋 Product Manager'!F204<>"",'📋 Product Manager'!F204,'📋 Product Manager'!G204),"") | F46: ='📋 Product Manager'!G204 | G46: ='📋 Product Manager'!H204 | H46: ='📋 Product Manager'!I204 | I46: ='📋 Product Manager'!J204 | J46: ='📋 Product Manager'!K204 | K46: ='📋 Product Manager'!L204 | L46: =IFERROR(IF('📋 Product Manager'!N204="","",'📋 Product Manager'!N204),"")
A47: 33 | B47: ='📋 Product Manager'!B205 | C47: ='📋 Product Manager'!D205 | D47: ='📋 Product Manager'!E205 | E47: =IFERROR(IF('📋 Product Manager'!F205<>"",'📋 Product Manager'!F205,'📋 Product Manager'!G205),"") | F47: ='📋 Product Manager'!G205 | G47: ='📋 Product Manager'!H205 | H47: ='📋 Product Manager'!I205 | I47: ='📋 Product Manager'!J205 | J47: ='📋 Product Manager'!K205 | K47: ='📋 Product Manager'!L205 | L47: =IFERROR(IF('📋 Product Manager'!N205="","",'📋 Product Manager'!N205),"")
A48: 34 | B48: ='📋 Product Manager'!B206 | C48: ='📋 Product Manager'!D206 | D48: ='📋 Product Manager'!E206 | E48: =IFERROR(IF('📋 Product Manager'!F206<>"",'📋 Product Manager'!F206,'📋 Product Manager'!G206),"") | F48: ='📋 Product Manager'!G206 | G48: ='📋 Product Manager'!H206 | H48: ='📋 Product Manager'!I206 | I48: ='📋 Product Manager'!J206 | J48: ='📋 Product Manager'!K206 | K48: ='📋 Product Manager'!L206 | L48: =IFERROR(IF('📋 Product Manager'!N206="","",'📋 Product Manager'!N206),"")
A49: ='📋 Product Manager'!B207
A50: =IFERROR(" Design: "&'📋 Product Manager'!H207&" · Hydro: "&'📋 Product Manager'!I207&" Kg/Cm²", "")
A51: =IFERROR(" MOC: "&'📋 Product Manager'!D207, "")
A52: 35 | B52: ='📋 Product Manager'!B207 | C52: ='📋 Product Manager'!D207 | D52: ='📋 Product Manager'!E207 | E52: =IFERROR(IF('📋 Product Manager'!F207<>"",'📋 Product Manager'!F207,'📋 Product Manager'!G207),"") | F52: ='📋 Product Manager'!G207 | G52: ='📋 Product Manager'!H207 | H52: ='📋 Product Manager'!I207 | I52: ='📋 Product Manager'!J207 | J52: ='📋 Product Manager'!K207 | K52: ='📋 Product Manager'!L207 | L52: =IFERROR(IF('📋 Product Manager'!N207="","",'📋 Product Manager'!N207),"")
A53: 36 | B53: ='📋 Product Manager'!B208 | C53: ='📋 Product Manager'!D208 | D53: ='📋 Product Manager'!E208 | E53: =IFERROR(IF('📋 Product Manager'!F208<>"",'📋 Product Manager'!F208,'📋 Product Manager'!G208),"") | F53: ='📋 Product Manager'!G208 | G53: ='📋 Product Manager'!H208 | H53: ='📋 Product Manager'!I208 | I53: ='📋 Product Manager'!J208 | J53: ='📋 Product Manager'!K208 | K53: ='📋 Product Manager'!L208 | L53: =IFERROR(IF('📋 Product Manager'!N208="","",'📋 Product Manager'!N208),"")
A54: 37 | B54: ='📋 Product Manager'!B209 | C54: ='📋 Product Manager'!D209 | D54: ='📋 Product Manager'!E209 | E54: =IFERROR(IF('📋 Product Manager'!F209<>"",'📋 Product Manager'!F209,'📋 Product Manager'!G209),"") | F54: ='📋 Product Manager'!G209 | G54: ='📋 Product Manager'!H209 | H54: ='📋 Product Manager'!I209 | I54: ='📋 Product Manager'!J209 | J54: ='📋 Product Manager'!K209 | K54: ='📋 Product Manager'!L209 | L54: =IFERROR(IF('📋 Product Manager'!N209="","",'📋 Product Manager'!N209),"")
A55: 38 | B55: ='📋 Product Manager'!B210 | C55: ='📋 Product Manager'!D210 | D55: ='📋 Product Manager'!E210 | E55: =IFERROR(IF('📋 Product Manager'!F210<>"",'📋 Product Manager'!F210,'📋 Product Manager'!G210),"") | F55: ='📋 Product Manager'!G210 | G55: ='📋 Product Manager'!H210 | H55: ='📋 Product Manager'!I210 | I55: ='📋 Product Manager'!J210 | J55: ='📋 Product Manager'!K210 | K55: ='📋 Product Manager'!L210 | L55: =IFERROR(IF('📋 Product Manager'!N210="","",'📋 Product Manager'!N210),"")
A56: 39 | B56: ='📋 Product Manager'!B211 | C56: ='📋 Product Manager'!D211 | D56: ='📋 Product Manager'!E211 | E56: =IFERROR(IF('📋 Product Manager'!F211<>"",'📋 Product Manager'!F211,'📋 Product Manager'!G211),"") | F56: ='📋 Product Manager'!G211 | G56: ='📋 Product Manager'!H211 | H56: ='📋 Product Manager'!I211 | I56: ='📋 Product Manager'!J211 | J56: ='📋 Product Manager'!K211 | K56: ='📋 Product Manager'!L211 | L56: =IFERROR(IF('📋 Product Manager'!N211="","",'📋 Product Manager'!N211),"")
A57: 40 | B57: ='📋 Product Manager'!B212 | C57: ='📋 Product Manager'!D212 | D57: ='📋 Product Manager'!E212 | E57: =IFERROR(IF('📋 Product Manager'!F212<>"",'📋 Product Manager'!F212,'📋 Product Manager'!G212),"") | F57: ='📋 Product Manager'!G212 | G57: ='📋 Product Manager'!H212 | H57: ='📋 Product Manager'!I212 | I57: ='📋 Product Manager'!J212 | J57: ='📋 Product Manager'!K212 | K57: ='📋 Product Manager'!L212 | L57: =IFERROR(IF('📋 Product Manager'!N212="","",'📋 Product Manager'!N212),"")
A58: 41 | B58: ='📋 Product Manager'!B213 | C58: ='📋 Product Manager'!D213 | D58: ='📋 Product Manager'!E213 | E58: =IFERROR(IF('📋 Product Manager'!F213<>"",'📋 Product Manager'!F213,'📋 Product Manager'!G213),"") | F58: ='📋 Product Manager'!G213 | G58: ='📋 Product Manager'!H213 | H58: ='📋 Product Manager'!I213 | I58: ='📋 Product Manager'!J213 | J58: ='📋 Product Manager'!K213 | K58: ='📋 Product Manager'!L213 | L58: =IFERROR(IF('📋 Product Manager'!N213="","",'📋 Product Manager'!N213),"")
A59: 42 | B59: ='📋 Product Manager'!B214 | C59: ='📋 Product Manager'!D214 | D59: ='📋 Product Manager'!E214 | E59: =IFERROR(IF('📋 Product Manager'!F214<>"",'📋 Product Manager'!F214,'📋 Product Manager'!G214),"") | F59: ='📋 Product Manager'!G214 | G59: ='📋 Product Manager'!H214 | H59: ='📋 Product Manager'!I214 | I59: ='📋 Product Manager'!J214 | J59: ='📋 Product Manager'!K214 | K59: ='📋 Product Manager'!L214 | L59: =IFERROR(IF('📋 Product Manager'!N214="","",'📋 Product Manager'!N214),"")
A60: =IFERROR(" MOC: "&'📋 Product Manager'!D215, "")
A61: 43 | B61: ='📋 Product Manager'!B215 | C61: ='📋 Product Manager'!D215 | D61: ='📋 Product Manager'!E215 | E61: =IFERROR(IF('📋 Product Manager'!F215<>"",'📋 Product Manager'!F215,'📋 Product Manager'!G215),"") | F61: ='📋 Product Manager'!G215 | G61: ='📋 Product Manager'!H215 | H61: ='📋 Product Manager'!I215 | I61: ='📋 Product Manager'!J215 | J61: ='📋 Product Manager'!K215 | K61: ='📋 Product Manager'!L215 | L61: =IFERROR(IF('📋 Product Manager'!N215="","",'📋 Product Manager'!N215),"")
A62: 44 | B62: ='📋 Product Manager'!B216 | C62: ='📋 Product Manager'!D216 | D62: ='📋 Product Manager'!E216 | E62: =IFERROR(IF('📋 Product Manager'!F216<>"",'📋 Product Manager'!F216,'📋 Product Manager'!G216),"") | F62: ='📋 Product Manager'!G216 | G62: ='📋 Product Manager'!H216 | H62: ='📋 Product Manager'!I216 | I62: ='📋 Product Manager'!J216 | J62: ='📋 Product Manager'!K216 | K62: ='📋 Product Manager'!L216 | L62: =IFERROR(IF('📋 Product Manager'!N216="","",'📋 Product Manager'!N216),"")
A63: 45 | B63: ='📋 Product Manager'!B217 | C63: ='📋 Product Manager'!D217 | D63: ='📋 Product Manager'!E217 | E63: =IFERROR(IF('📋 Product Manager'!F217<>"",'📋 Product Manager'!F217,'📋 Product Manager'!G217),"") | F63: ='📋 Product Manager'!G217 | G63: ='📋 Product Manager'!H217 | H63: ='📋 Product Manager'!I217 | I63: ='📋 Product Manager'!J217 | J63: ='📋 Product Manager'!K217 | K63: ='📋 Product Manager'!L217 | L63: =IFERROR(IF('📋 Product Manager'!N217="","",'📋 Product Manager'!N217),"")
A64: 46 | B64: ='📋 Product Manager'!B218 | C64: ='📋 Product Manager'!D218 | D64: ='📋 Product Manager'!E218 | E64: =IFERROR(IF('📋 Product Manager'!F218<>"",'📋 Product Manager'!F218,'📋 Product Manager'!G218),"") | F64: ='📋 Product Manager'!G218 | G64: ='📋 Product Manager'!H218 | H64: ='📋 Product Manager'!I218 | I64: ='📋 Product Manager'!J218 | J64: ='📋 Product Manager'!K218 | K64: ='📋 Product Manager'!L218 | L64: =IFERROR(IF('📋 Product Manager'!N218="","",'📋 Product Manager'!N218),"")
A65: 47 | B65: ='📋 Product Manager'!B219 | C65: ='📋 Product Manager'!D219 | D65: ='📋 Product Manager'!E219 | E65: =IFERROR(IF('📋 Product Manager'!F219<>"",'📋 Product Manager'!F219,'📋 Product Manager'!G219),"") | F65: ='📋 Product Manager'!G219 | G65: ='📋 Product Manager'!H219 | H65: ='📋 Product Manager'!I219 | I65: ='📋 Product Manager'!J219 | J65: ='📋 Product Manager'!K219 | K65: ='📋 Product Manager'!L219 | L65: =IFERROR(IF('📋 Product Manager'!N219="","",'📋 Product Manager'!N219),"")
A66: 48 | B66: ='📋 Product Manager'!B220 | C66: ='📋 Product Manager'!D220 | D66: ='📋 Product Manager'!E220 | E66: =IFERROR(IF('📋 Product Manager'!F220<>"",'📋 Product Manager'!F220,'📋 Product Manager'!G220),"") | F66: ='📋 Product Manager'!G220 | G66: ='📋 Product Manager'!H220 | H66: ='📋 Product Manager'!I220 | I66: ='📋 Product Manager'!J220 | J66: ='📋 Product Manager'!K220 | K66: ='📋 Product Manager'!L220 | L66: =IFERROR(IF('📋 Product Manager'!N220="","",'📋 Product Manager'!N220),"")
A67: 49 | B67: ='📋 Product Manager'!B221 | C67: ='📋 Product Manager'!D221 | D67: ='📋 Product Manager'!E221 | E67: =IFERROR(IF('📋 Product Manager'!F221<>"",'📋 Product Manager'!F221,'📋 Product Manager'!G221),"") | F67: ='📋 Product Manager'!G221 | G67: ='📋 Product Manager'!H221 | H67: ='📋 Product Manager'!I221 | I67: ='📋 Product Manager'!J221 | J67: ='📋 Product Manager'!K221 | K67: ='📋 Product Manager'!L221 | L67: =IFERROR(IF('📋 Product Manager'!N221="","",'📋 Product Manager'!N221),"")
A68: 50 | B68: ='📋 Product Manager'!B222 | C68: ='📋 Product Manager'!D222 | D68: ='📋 Product Manager'!E222 | E68: =IFERROR(IF('📋 Product Manager'!F222<>"",'📋 Product Manager'!F222,'📋 Product Manager'!G222),"") | F68: ='📋 Product Manager'!G222 | G68: ='📋 Product Manager'!H222 | H68: ='📋 Product Manager'!I222 | I68: ='📋 Product Manager'!J222 | J68: ='📋 Product Manager'!K222 | K68: ='📋 Product Manager'!L222 | L68: =IFERROR(IF('📋 Product Manager'!N222="","",'📋 Product Manager'!N222),"")
A70: ← Back to Product Manager | E70: ← Price Summary
